dailyrate,hourlyrate,joblevel,jobrole,monthlyincome,monthlyrate,percentsalaryhike,performancerating,stockoptionlevel,totalworkingyears,trainingtimeslastyear,yearsatcompany,yearssincelastpromotion,yearswithcurrmanager,remotework
684.0,51,5, research director ,195370.0,6462,13,3.0,0,10.0,5,20,15,15,Yes
699.0,65,5, manager ,199990.0,5678,14,3.0,1,34.0,5,33,11,9,Yes
532.0,58,5, manager ,192320.0,4933,11,3.0,0,22.0,3,22,11,15,Yes
359.0,82,4, research director ,171690.0,26703,19,3.0,2,10.0,2,20,5,6,No
117.0,58,4, manager ,171740.0,2437,11,3.0,1,10.0,3,22,4,7,Yes
1435.0,99,3, sales executive ,48620.0,2354,11,3.0,0,28.0,3,21,7,9,Yes
635.0,99,2, sales executive ,48620.0,24532,25,4.0,0,20.0,3,20,11,6,No
840.0,64,5, research director ,48620.0,3735,17,3.0,1,21.0,2,18,0,11,No
247.0,55,5, research director ,199730.0,20284,22,4.0,2,10.0,3,21,5,10,No
1360.0,49,5, research director ,195450.0,16280,12,3.0,0,10.0,0,22,15,8,No
1398.0,79,5, manager ,180410.0,13022,14,3.0,0,10.0,2,20,1,12,No
286.0,31,5, research director ,192460.0,25761,12,3.0,0,40.0,2,31,13,8,No
1238.0,74,3, healthcare representative ,107480.0,3395,23,4.0,1,25.0,3,23,14,4,No
515.0,98,3, research director ,48620.0,15146,12,3.0,0,15.0,1,15,8,12,Yes
202.0,33,4, manager ,167520.0,12982,11,3.0,1,10.0,3,26,3,0,No
429.0,53,2, manufacturing director ,48620.0,2323,11,3.0,0,18.0,2,16,5,12,No
803.1,87,2, sales executive ,40010.0,12313,14,3.0,1,15.0,3,15,0,7,Yes
803.1,81,3, sales executive ,104470.0,26458,13,3.0,1,10.0,3,22,13,5,Yes
1180.0,84,3, healthcare representative ,48620.0,13084,23,4.0,0,25.0,3,17,12,11,Yes
1282.0,58,5, manager ,48620.0,10735,11,3.0,1,26.0,3,14,4,8,Yes
776.0,32,2, sales executive ,48620.0,23016,14,3.2,0,16.0,2,15,2,8,No
526.0,92,3, sales executive ,48620.0,2137,25,4.0,3,24.0,2,24,15,7,Yes
1034.0,80,4, manager ,160640.0,7744,22,4.0,1,22.0,3,17,1,9,Yes
1403.0,47,1, laboratory technician ,32100.0,20251,11,3.0,1,16.0,4,15,10,11,Yes
580.0,48,3, sales executive ,104750.0,23772,21,4.0,1,20.0,2,18,1,12,No
859.0,98,2, manufacturing director ,61620.0,19124,12,3.0,1,14.0,3,14,6,8,No
1376.0,0,4, manager ,48620.0,13938,13,3.0,1,22.0,3,17,15,2,No
885.0,43,1, laboratory technician ,48620.0,8269,16,3.0,0,18.0,1,17,15,14,Yes
1003.0,74,2, research scientist ,46150.0,21029,23,4.0,3,10.0,2,16,1,7,No
1321.0,86,2, sales executive ,48620.0,7636,15,3.0,2,16.0,3,15,5,8,Yes
803.1,30,3, healthcare representative ,48620.0,25796,20,4.0,0,23.0,1,13,12,8,Yes
394.0,92,4, manager ,169590.0,19494,12,3.0,2,25.0,3,25,4,12,Yes
1372.0,42,1, research scientist ,48620.0,15881,12,3.0,0,10.0,3,17,5,7,Yes
803.1,65,2, sales executive ,48620.0,24624,11,3.0,0,10.0,2,13,11,9,Yes
228.0,51,4, manager ,48620.0,11380,12,3.0,1,23.0,2,13,5,1,Yes
823.0,81,5, manager ,48620.0,22539,13,3.0,0,21.0,2,16,6,14,Yes
667.0,57,2, healthcare representative ,48620.0,26236,21,3.2,1,10.0,2,13,1,9,Yes
573.0,79,2, research scientist ,48620.0,15717,12,3.0,3,17.0,3,13,1,9,Yes
803.1,96,2, manufacturing director ,48620.0,5549,14,3.0,0,16.0,2,15,5,11,No
630.0,67,3, sales executive ,108550.0,8552,11,3.2,1,15.0,2,12,2,11,Yes
803.1,62,2, laboratory technician ,59140.0,9945,16,3.0,0,16.0,3,13,3,7,Yes
1063.0,72,2, research scientist ,48620.0,23866,15,3.0,2,15.0,2,13,10,7,No
1017.0,82,2, research scientist ,66460.0,19368,13,3.0,0,10.0,3,17,11,8,Yes
1296.0,0,2, healthcare representative ,48620.0,5335,23,4.0,1,15.0,2,13,4,7,No
939.0,0,4, manufacturing director ,139730.0,4161,18,3.0,1,22.0,2,12,1,5,No
1355.0,78,3, healthcare representative ,48620.0,22245,14,3.2,0,27.0,3,15,4,8,Yes
1448.0,53,4, sales executive ,133200.0,11737,18,3.0,1,10.0,2,12,11,11,Yes
200.0,32,2, research scientist ,48620.0,7744,25,4.0,0,10.0,3,20,13,17,Yes
1202.0,89,2, healthcare representative ,48620.0,13888,20,4.0,3,15.0,0,12,11,8,Yes
465.0,41,4, healthcare representative ,48620.0,11652,19,3.0,1,10.0,3,15,2,12,Yes
1189.0,90,2, research scientist ,47350.0,9867,15,3.0,2,19.0,4,13,2,9,Yes
803.1,79,1, laboratory technician ,48620.0,13637,18,3.0,3,14.0,6,14,2,13,Yes
1394.0,58,2, research scientist ,48620.0,18115,16,3.0,1,20.0,3,20,0,7,No
161.0,42,3, research director ,48620.0,15471,25,4.0,1,16.0,2,16,6,8,Yes
288.0,99,2, healthcare representative ,48620.0,15830,19,3.2,3,11.0,3,11,10,8,Yes
682.0,37,4, sales executive ,138720.0,24409,13,3.0,0,38.0,1,37,1,8,Yes
1354.0,45,3, manager ,48620.0,5615,12,3.0,0,14.0,6,11,5,8,No
119.0,76,3, sales executive ,48620.0,9647,12,3.0,2,10.0,6,16,5,13,Yes
452.0,81,5, manager ,190450.0,18938,14,3.0,0,37.0,2,36,4,13,Yes
480.0,31,2, manufacturing director ,43060.0,4156,12,3.0,1,13.0,5,13,3,12,Yes
1099.0,88,4, manager ,170460.0,9314,15,3.0,1,28.0,2,27,15,7,Yes
672.0,78,3, manufacturing director ,48620.0,9129,16,3.2,0,10.0,2,13,4,8,No
583.0,57,3, healthcare representative ,48620.0,6975,11,3.2,1,10.0,3,16,10,1,Yes
1050.0,65,2, sales executive ,48620.0,17970,13,3.0,1,15.0,2,15,4,12,No
117.0,60,1, research scientist ,48620.0,6311,13,3.0,1,15.0,5,14,4,10,No
803.1,94,5, manager ,48620.0,2493,16,3.0,0,26.0,2,24,1,11,Yes
1440.0,55,1, sales representative ,23080.0,4944,25,4.0,1,12.0,4,11,5,7,No
1291.0,65,4, research director ,48620.0,3525,24,4.0,1,10.0,3,14,6,11,Yes
1157.0,57,2, laboratory technician ,48620.0,11912,14,3.0,1,10.0,3,15,4,13,No
1336.0,100,1, human resources ,48620.0,7129,13,3.0,3,13.0,3,11,3,8,Yes
735.0,86,2, research scientist ,57470.0,26496,15,3.0,0,16.0,3,15,6,11,No
803.1,48,3, sales executive ,104220.0,24032,19,3.0,2,14.0,3,14,5,7,Yes
1389.0,51,3, manufacturing director ,48620.0,10195,11,3.0,1,10.0,1,10,8,8,No
1240.0,48,2, human resources ,63470.0,13982,19,3.0,0,10.0,2,11,4,7,No
194.0,60,2, laboratory technician ,23480.0,10901,18,3.0,1,20.0,2,17,0,15,Yes
1339.0,41,3, sales executive ,48620.0,8053,12,3.0,1,10.0,2,10,7,4,Yes
111.0,66,2, laboratory technician ,30720.0,11012,11,3.2,2,12.0,4,12,6,10,Yes
803.1,45,2, manufacturing director ,48620.0,14074,17,3.0,0,10.0,2,10,1,9,No
470.0,84,2, manufacturing director ,48620.0,23687,13,3.0,1,13.0,3,11,5,9,Yes
1232.0,96,3, sales executive ,80200.0,5100,15,3.0,2,12.0,3,11,6,9,Yes
117.0,99,4, manager ,170680.0,5355,14,3.2,0,21.0,3,21,11,10,Yes
672.0,54,5, manager ,192720.0,21141,15,3.0,1,10.0,2,21,13,3,Yes
549.0,75,2, research scientist ,48620.0,9278,14,3.0,2,12.0,3,10,9,8,Yes
570.0,30,2, sales executive ,48620.0,5431,13,3.0,3,10.0,2,10,1,2,Yes
541.0,48,3, sales executive ,48620.0,7246,11,3.0,1,16.0,2,13,1,12,Yes
164.0,61,3, sales executive ,48620.0,3809,13,3.0,2,10.0,2,10,9,0,Yes
1117.0,83,4, manager ,48620.0,9873,23,4.0,0,37.0,2,10,7,7,Yes
619.0,85,2, sales executive ,48620.0,18659,11,3.0,0,15.0,2,11,6,9,Yes
956.0,78,2, research scientist ,55770.0,22087,12,3.2,2,18.0,3,10,6,9,Yes
1245.0,58,5, research director ,48620.0,2125,17,3.0,1,10.0,5,31,0,9,Yes
1397.0,42,1, research scientist ,26910.0,7660,12,3.0,1,10.0,4,10,8,8,Yes
527.0,63,1, research scientist ,48620.0,5207,13,3.0,0,10.0,2,10,7,8,No
213.0,49,3, research director ,48620.0,25995,11,3.0,0,10.0,3,13,3,7,Yes
803.1,72,4, research director ,48620.0,20206,18,3.0,0,33.0,0,12,3,8,Yes
527.0,51,3, laboratory technician ,74030.0,22477,11,3.0,1,29.0,3,26,1,7,No
882.0,0,3, sales executive ,48620.0,6812,13,3.0,1,10.0,2,10,0,8,No
330.0,65,3, healthcare representative ,88230.0,24608,18,3.0,1,20.0,4,19,1,9,No
406.0,0,4, manager ,48620.0,15596,12,3.0,1,10.0,3,12,4,9,No
481.0,44,4, sales executive ,48620.0,2447,12,3.2,0,10.0,2,21,13,14,Yes
669.0,97,2, healthcare representative ,48620.0,25755,20,4.0,0,14.0,3,13,4,9,Yes
1062.0,96,2, healthcare representative ,48620.0,17198,19,3.2,0,10.0,2,10,1,8,No
1099.0,88,5, manager ,182130.0,8751,11,3.0,1,26.0,5,22,3,10,Yes
177.0,37,4, healthcare representative ,135770.0,25592,15,3.0,1,10.0,3,33,15,0,No
1199.0,92,5, manager ,191900.0,17477,14,3.0,2,10.0,4,25,14,13,No
412.0,94,4, manager ,171230.0,17334,13,3.0,2,10.0,4,19,15,2,No
282.0,58,5, manager ,191870.0,6992,14,3.2,1,23.0,5,19,9,11,Yes
770.0,84,4, manager ,48620.0,17588,11,3.0,1,10.0,2,33,0,10,Yes
601.0,53,3, manufacturing director ,100080.0,12023,14,3.0,0,10.0,0,10,5,9,Yes
332.0,51,3, human resources ,79880.0,9769,13,3.0,0,10.0,3,10,0,9,No
1326.0,81,2, sales executive ,48620.0,15891,18,3.2,0,15.0,2,13,3,12,Yes
748.0,74,1, laboratory technician ,48620.0,16458,13,3.0,0,12.0,3,12,5,8,Yes
790.0,40,2, sales executive ,48620.0,7815,23,4.0,0,16.0,2,15,10,10,No
1050.0,87,4, manager ,48620.0,24456,20,3.2,1,26.0,2,14,1,12,Yes
971.0,64,3, sales executive ,70830.0,12288,14,3.0,0,10.0,3,10,8,6,No
1370.0,87,1, laboratory technician ,47230.0,16213,18,3.0,0,10.0,3,10,1,5,Yes
750.0,46,2, laboratory technician ,34070.0,25348,17,3.2,2,10.0,3,10,6,8,Yes
880.0,36,2, sales executive ,48620.0,10414,24,4.0,0,13.0,2,11,6,7,Yes
678.0,35,1, research scientist ,29290.0,20338,12,3.0,0,10.0,3,10,8,7,Yes
1179.0,73,2, sales executive ,48620.0,6069,17,3.0,1,10.0,3,10,8,8,No
574.0,30,3, healthcare representative ,48620.0,16873,17,3.0,1,10.0,1,10,0,9,Yes
803.1,37,2, research scientist ,48620.0,14811,12,3.0,0,20.0,2,20,3,7,Yes
692.0,73,2, laboratory technician ,48620.0,26849,11,3.2,1,10.0,2,10,9,4,Yes
310.0,72,1, laboratory technician ,48620.0,3666,11,3.0,1,14.0,4,10,9,8,Yes
722.0,60,4, sales executive ,120310.0,8828,11,3.0,1,10.0,2,20,9,6,Yes
721.0,58,2, laboratory technician ,48620.0,10781,23,4.0,0,12.0,2,12,3,7,Yes
427.0,0,2, manufacturing director ,61620.0,10877,22,4.0,1,9.0,3,9,7,8,Yes
852.0,55,2, laboratory technician ,51260.0,15998,12,3.0,2,10.0,1,10,3,0,No
669.0,64,3, sales executive ,96190.0,13596,16,3.0,0,9.0,3,9,4,7,No
1334.0,63,2, sales executive ,48620.0,19760,12,3.0,3,11.0,4,11,2,7,No
1093.0,87,2, sales executive ,50100.0,24301,16,3.0,0,12.0,0,11,5,7,Yes
967.0,43,3, sales executive ,48620.0,15589,14,3.0,0,9.0,2,9,3,7,Yes
465.0,56,1, research scientist ,48620.0,4609,12,3.0,1,10.0,2,9,1,8,Yes
989.0,46,5, manager ,190330.0,6499,14,3.0,1,21.0,2,20,9,9,No
1195.0,65,4, manager ,48620.0,20462,23,4.0,1,22.0,1,20,11,8,Yes
1045.0,32,3, sales executive ,104000.0,25812,11,3.0,0,14.0,2,14,9,8,No
829.0,88,3, manufacturing director ,48620.0,20925,22,4.0,0,10.0,2,11,5,8,Yes
663.0,47,3, research director ,48620.0,10056,14,3.0,3,10.0,1,10,0,7,Yes
1300.0,62,2, research scientist ,48620.0,24447,17,3.0,2,10.0,3,9,4,7,No
906.0,91,2, sales executive ,48620.0,16985,14,3.0,1,13.0,3,13,4,8,Yes
849.0,81,3, research director ,48620.0,26707,17,3.0,1,10.0,2,10,0,1,Yes
1275.0,64,2, research scientist ,48620.0,11934,13,3.0,2,11.0,2,10,1,9,Yes
1218.0,52,5, manager ,191970.0,8213,14,3.0,1,21.0,3,21,1,6,Yes
422.0,41,5, manager ,48620.0,3854,11,3.0,0,33.0,5,29,11,10,Yes
1398.0,69,3, sales executive ,84120.0,2890,11,3.0,0,10.0,3,9,7,8,Yes
1274.0,0,3, manufacturing director ,48620.0,14394,25,4.0,1,10.0,6,13,0,8,Yes
1076.0,70,1, research scientist ,33480.0,3164,11,3.0,0,10.0,3,10,9,7,No
1207.0,74,1, laboratory technician ,48620.0,3297,11,3.2,3,20.0,3,20,3,8,Yes
430.0,80,2, laboratory technician ,53090.0,21146,15,3.2,2,10.0,2,10,4,7,Yes
933.0,98,2, manufacturing director ,48620.0,11806,13,3.0,1,10.0,3,9,7,8,Yes
1184.0,43,3, sales executive ,76540.0,5860,18,3.0,2,10.0,3,9,7,7,No
803.1,42,3, research director ,128080.0,8842,16,3.0,1,10.0,3,9,0,8,Yes
890.0,81,4, manufacturing director ,48620.0,19028,22,4.0,0,31.0,3,9,0,0,No
379.0,48,2, sales executive ,48620.0,8891,14,3.0,1,10.0,3,10,5,3,Yes
1425.0,68,2, healthcare representative ,65860.0,4821,17,3.0,1,10.0,2,16,4,11,No
1053.0,70,4, manager ,170990.0,13829,15,3.0,1,26.0,2,9,7,8,Yes
722.0,38,4, manager ,48620.0,20489,11,3.0,0,10.0,2,10,6,0,No
248.0,42,2, laboratory technician ,48620.0,14039,15,3.0,1,9.0,2,9,0,8,Yes
796.0,51,3, manufacturing director ,48620.0,15669,11,3.0,0,15.0,2,14,7,8,Yes
174.0,56,4, sales executive ,131200.0,11879,17,3.0,1,22.0,3,9,2,3,No
803.1,54,1, laboratory technician ,31310.0,26342,13,3.0,1,10.0,5,10,0,8,No
977.0,56,2, manufacturing director ,48620.0,9961,13,3.0,1,14.0,2,14,3,11,Yes
1476.0,55,2, laboratory technician ,66740.0,16392,11,3.0,3,10.0,6,9,7,5,Yes
587.0,57,3, sales executive ,98520.0,8935,19,3.0,1,10.0,5,10,9,6,Yes
495.0,0,4, manager ,178610.0,26582,13,3.2,0,21.0,3,20,2,10,No
523.0,98,2, research scientist ,48620.0,22455,13,3.0,0,9.0,4,9,8,8,Yes
507.0,66,2, sales executive ,48620.0,23553,12,3.0,0,10.0,6,10,9,6,Yes
1055.0,76,5, research director ,48620.0,22456,21,4.0,1,10.0,3,9,1,5,No
1445.0,100,3, manufacturing director ,74460.0,8931,11,3.0,0,10.0,2,10,4,7,Yes
447.0,39,4, research director ,165980.0,19764,12,3.0,0,35.0,2,9,8,8,Yes
829.0,71,4, research director ,48620.0,11929,14,3.0,2,16.0,3,14,6,9,Yes
674.0,47,2, research scientist ,42850.0,3031,17,3.0,0,10.0,2,10,3,7,Yes
803.1,40,3, healthcare representative ,101240.0,18611,14,3.0,1,24.0,3,20,13,9,Yes
538.0,66,3, healthcare representative ,48620.0,20933,12,3.0,3,10.0,4,10,7,7,Yes
740.0,64,2, sales executive ,97140.0,5323,11,3.0,1,10.0,4,10,6,7,Yes
1245.0,80,2, sales executive ,99240.0,12355,11,3.0,1,10.0,3,9,7,7,Yes
1234.0,41,4, healthcare representative ,112450.0,20689,15,3.0,1,32.0,3,30,12,13,No
1130.0,66,2, research scientist ,48620.0,19332,12,3.0,1,11.0,2,11,7,9,Yes
584.0,91,4, manager ,48620.0,18685,25,4.0,1,36.0,6,10,4,7,Yes
792.0,77,2, laboratory technician ,64720.0,8989,15,3.0,1,10.0,2,9,5,8,Yes
1383.0,90,3, healthcare representative ,83210.0,25949,13,3.0,1,15.0,1,12,5,7,No
803.1,92,2, sales executive ,48620.0,22128,21,4.0,2,10.0,5,10,4,8,No
706.0,82,3, manufacturing director ,85780.0,19989,14,3.0,1,12.0,4,9,4,7,Yes
728.0,36,2, sales representative ,48620.0,7018,21,4.0,1,10.0,5,9,5,8,No
311.0,89,2, laboratory technician ,41970.0,18624,11,3.0,1,10.0,2,10,0,2,No
556.0,93,2, manufacturing director ,48620.0,23888,13,3.2,2,10.0,2,9,3,8,Yes
937.0,32,3, sales executive ,98880.0,6770,21,4.0,0,14.0,3,14,2,1,No
1224.0,55,2, sales executive ,48620.0,13586,11,3.0,0,10.0,2,10,0,9,No
119.0,77,4, sales executive ,133410.0,25098,12,3.0,0,21.0,3,20,11,10,No
444.0,92,2, sales executive ,56770.0,4258,14,3.0,1,10.0,4,11,5,10,Yes
803.1,98,3, research director ,48620.0,17231,18,3.0,2,14.0,3,13,5,12,Yes
803.1,61,2, research scientist ,48620.0,24907,23,4.0,1,10.0,3,10,1,7,Yes
1392.0,56,1, research scientist ,29090.0,23159,11,3.0,0,10.0,3,8,3,0,Yes
803.1,48,2, sales executive ,68250.0,21173,11,3.2,1,10.0,2,9,4,2,No
655.0,48,2, laboratory technician ,48620.0,9528,22,4.0,1,10.0,3,7,1,7,No
746.0,61,2, manufacturing director ,44240.0,20682,23,4.0,0,11.0,2,11,1,8,No
632.0,71,2, sales executive ,54410.0,8423,22,4.0,0,11.0,2,10,1,0,Yes
658.0,66,2, laboratory technician ,60740.0,22887,24,4.0,0,9.0,3,9,0,6,Yes
1467.0,92,3, sales executive ,48620.0,22952,14,3.0,1,10.0,6,9,2,8,No
1312.0,96,1, research scientist ,48620.0,22310,25,4.0,3,10.0,2,10,0,9,No
750.0,95,2, sales executive ,61460.0,15480,13,3.0,1,10.0,2,7,0,7,Yes
249.0,76,2, sales executive ,61720.0,20739,18,3.0,0,10.0,3,7,7,7,No
802.0,96,3, sales executive ,48620.0,21196,13,3.0,1,10.0,2,9,0,7,No
1355.0,61,1, human resources ,48620.0,8916,23,4.0,1,8.0,3,8,5,7,Yes
689.0,35,2, sales executive ,46680.0,22812,17,3.0,3,10.0,2,8,0,7,Yes
1395.0,54,2, research scientist ,56050.0,8504,11,3.0,1,20.0,2,20,2,13,No
1436.0,34,2, sales representative ,48620.0,16047,20,4.0,1,13.0,3,7,4,5,Yes
803.1,0,1, research scientist ,48620.0,4673,13,3.0,1,8.0,5,8,1,6,Yes
313.0,98,4, healthcare representative ,48620.0,7192,18,3.0,0,10.0,6,7,1,0,No
894.0,99,1, research scientist ,48620.0,11781,16,3.0,0,10.0,2,7,0,3,No
290.0,65,1, research scientist ,35640.0,22977,12,3.0,1,10.0,3,8,1,7,Yes
1002.0,92,2, manufacturing director ,68040.0,23793,15,3.0,2,7.0,0,7,1,7,No
1242.0,90,2, sales executive ,48620.0,12916,14,3.0,0,7.0,2,7,0,7,No
1052.0,57,3, sales executive ,48620.0,16840,12,3.0,0,23.0,2,19,12,8,Yes
944.0,92,3, sales executive ,48620.0,9096,14,3.0,0,10.0,3,10,0,8,Yes
771.0,79,5, manager ,48620.0,21030,18,3.0,0,33.0,2,33,15,12,Yes
1327.0,39,2, sales executive ,48620.0,19682,18,3.0,1,13.0,0,8,7,5,Yes
488.0,75,4, manager ,48620.0,14977,12,3.0,1,28.0,2,7,7,7,No
666.0,88,3, manager ,48620.0,10268,12,3.0,1,10.0,2,10,9,9,Yes
1315.0,71,3, manager ,48620.0,19100,18,3.2,1,10.0,6,7,6,2,No
442.0,44,2, sales executive ,48620.0,20260,18,3.0,0,10.0,3,10,0,9,Yes
147.0,37,2, laboratory technician ,48620.0,15972,19,3.2,1,12.0,4,10,0,8,Yes
950.0,48,2, sales executive ,58280.0,8450,12,3.0,0,10.0,0,8,7,4,Yes
218.0,100,2, sales executive ,48620.0,12241,11,3.0,1,10.0,3,8,7,7,Yes
803.1,33,1, laboratory technician ,24550.0,10675,19,3.0,0,10.0,5,8,1,7,Yes
691.0,73,2, sales executive ,48620.0,7143,12,3.0,3,13.0,3,7,1,7,Yes
803.1,46,2, sales executive ,46820.0,4317,14,3.0,0,10.0,6,7,0,1,No
559.0,82,2, laboratory technician ,52570.0,6227,11,3.2,1,9.0,3,9,0,0,No
318.0,77,1, laboratory technician ,21190.0,4759,11,3.0,0,7.0,4,7,0,7,No
1130.0,56,2, sales executive ,48620.0,3415,18,3.0,1,8.0,3,8,0,7,No
933.0,57,2, sales executive ,48620.0,20156,17,3.0,1,10.0,3,8,7,7,Yes
1171.0,46,1, laboratory technician ,48620.0,22495,13,3.0,1,10.0,3,7,1,7,Yes
143.0,56,2, sales executive ,48620.0,9558,18,3.0,0,8.0,5,8,7,7,No
1178.0,87,2, sales executive ,48620.0,14862,11,3.0,1,18.0,2,7,0,7,Yes
645.0,49,3, sales executive ,83920.0,19566,16,3.0,1,10.0,2,10,0,7,Yes
1276.0,72,3, healthcare representative ,48620.0,14295,12,3.0,0,10.0,2,8,0,0,No
163.0,37,2, sales executive ,40510.0,19658,14,3.0,1,14.0,2,9,6,7,Yes
426.0,58,1, human resources ,27410.0,22808,11,3.0,1,8.0,2,7,1,0,Yes
509.0,62,2, healthcare representative ,48620.0,2112,17,3.0,0,10.0,3,8,0,7,Yes
258.0,74,2, sales executive ,53370.0,19921,12,3.0,0,10.0,3,10,5,7,Yes
525.0,66,2, sales executive ,48620.0,6219,22,4.0,2,13.0,4,7,5,7,Yes
803.1,72,2, laboratory technician ,48620.0,19627,13,3.0,1,10.0,3,8,4,7,No
238.0,34,2, sales executive ,48620.0,7507,20,4.0,0,18.0,2,14,8,10,No
806.0,76,1, research scientist ,48620.0,18959,18,3.0,1,10.0,5,10,2,8,Yes
1442.0,46,3, healthcare representative ,48620.0,17654,14,3.0,0,9.0,3,8,7,7,No
408.0,80,2, healthcare representative ,48620.0,20978,11,3.0,0,20.0,4,20,11,10,No
929.0,55,2, sales executive ,53960.0,21703,12,3.0,0,10.0,2,10,0,8,Yes
827.0,33,2, healthcare representative ,48620.0,19383,13,3.0,0,10.0,4,9,1,8,Yes
803.1,0,3, manufacturing director ,48620.0,6009,11,3.0,0,9.0,3,9,0,7,No
703.0,42,2, sales executive ,49600.0,11825,12,3.0,0,20.0,2,7,1,7,No
294.0,32,3, manufacturing director ,87930.0,4809,21,4.0,2,9.0,4,9,1,7,Yes
314.0,59,5, manager ,191890.0,19562,12,3.2,1,22.0,3,22,2,10,No
427.0,63,3, research director ,117130.0,20335,14,3.0,1,10.0,2,8,0,5,No
501.0,99,2, sales executive ,53040.0,25275,23,3.2,1,10.0,2,8,7,7,Yes
803.1,81,4, healthcare representative ,111030.0,20420,11,3.0,0,30.0,1,10,1,1,No
954.0,46,2, sales representative ,66320.0,12388,13,3.0,0,9.0,3,8,3,1,Yes
1434.0,76,3, sales executive ,75870.0,14229,15,3.0,0,10.0,1,10,0,9,No
657.0,66,2, healthcare representative ,43350.0,25549,12,3.0,1,11.0,3,8,1,1,Yes
240.0,75,2, manufacturing director ,59800.0,26085,12,3.0,0,17.0,2,15,4,12,Yes
570.0,66,5, manager ,48620.0,16225,13,3.0,1,24.0,4,24,14,9,Yes
676.0,35,2, manufacturing director ,52280.0,23361,15,3.0,1,10.0,2,9,0,5,No
436.0,37,2, sales executive ,48620.0,21519,16,3.0,0,10.0,3,9,7,3,No
661.0,61,1, research scientist ,48620.0,7508,13,3.0,0,8.0,0,8,7,1,Yes
1085.0,57,1, laboratory technician ,48620.0,17725,13,3.0,1,10.0,1,7,1,0,Yes
154.0,41,1, sales representative ,23290.0,11737,15,3.2,0,10.0,2,7,5,2,No
1283.0,52,2, sales executive ,42940.0,11148,12,3.0,0,10.0,2,7,0,7,Yes
498.0,93,2, manufacturing director ,67250.0,13554,12,3.0,1,8.0,2,8,6,3,No
530.0,51,3, sales executive ,103250.0,5518,11,3.2,1,10.0,6,16,3,7,No
805.0,57,2, laboratory technician ,44470.0,23163,12,3.0,0,10.0,5,9,0,8,Yes
1229.0,84,2, sales executive ,48620.0,25952,13,3.2,2,12.0,3,7,0,7,Yes
1441.0,56,3, manufacturing director ,48620.0,13943,11,3.2,1,22.0,2,10,0,8,Yes
153.0,73,3, research director ,48620.0,17802,12,3.0,3,10.0,4,8,1,7,Yes
1066.0,32,2, manufacturing director ,54720.0,3334,12,3.0,0,10.0,2,8,1,3,No
135.0,62,2, healthcare representative ,63850.0,12992,14,3.0,2,10.0,3,8,6,7,Yes
1109.0,69,1, laboratory technician ,48620.0,11135,12,3.0,0,10.0,2,8,7,7,Yes
124.0,38,3, sales executive ,75250.0,23537,12,3.0,1,30.0,2,15,6,12,Yes
444.0,40,4, manager ,48620.0,17323,15,3.0,0,10.0,3,9,6,2,Yes
1366.0,72,3, healthcare representative ,48620.0,12355,12,3.0,0,10.0,2,10,1,9,No
857.0,59,2, research scientist ,36600.0,7909,13,3.0,0,10.0,4,8,1,7,Yes
1204.0,86,3, sales executive ,48620.0,10333,22,4.0,0,9.0,2,8,4,7,Yes
827.0,54,2, research scientist ,48620.0,3129,22,4.0,0,14.0,4,13,3,8,Yes
1219.0,32,1, laboratory technician ,48620.0,4605,15,3.2,1,7.0,3,7,5,6,Yes
770.0,0,3, sales executive ,87400.0,5569,14,3.0,2,9.0,2,8,2,7,Yes
1082.0,83,3, manufacturing director ,48620.0,11535,11,3.0,1,18.0,1,8,0,1,No
1308.0,44,5, research director ,48620.0,17544,14,3.2,0,10.0,2,20,4,9,Yes
1384.0,82,1, laboratory technician ,48620.0,13421,22,4.0,1,8.0,2,8,0,7,Yes
819.0,44,3, manufacturing director ,48620.0,19588,18,3.0,1,15.0,2,7,6,4,Yes
1223.0,50,5, manager ,48620.0,18640,18,3.0,1,26.0,6,7,4,7,No
1361.0,94,2, sales executive ,48620.0,21026,15,3.0,3,15.0,2,7,1,7,Yes
1146.0,0,2, sales executive ,48620.0,4905,12,3.0,1,10.0,3,10,0,1,Yes
853.0,49,2, laboratory technician ,34910.0,11309,13,3.2,3,10.0,4,10,8,9,Yes
1316.0,38,2, research scientist ,48620.0,2338,14,3.0,0,10.0,2,8,0,7,No
363.0,0,3, manufacturing director ,102520.0,4235,21,4.0,1,17.0,2,7,7,7,Yes
920.0,96,5, research director ,197400.0,18625,14,3.0,1,10.0,2,8,0,7,Yes
694.0,0,4, research director ,48620.0,3423,14,3.0,2,9.0,2,7,1,7,Yes
1429.0,67,3, manufacturing director ,48620.0,20002,12,3.0,0,10.0,6,9,5,4,No
531.0,56,3, sales executive ,48620.0,20364,14,3.0,0,23.0,3,21,15,17,Yes
621.0,73,3, healthcare representative ,48620.0,14075,11,3.0,1,10.0,2,10,0,5,Yes
524.0,32,2, manufacturing director ,45340.0,13352,11,3.0,0,10.0,6,8,1,7,Yes
943.0,86,3, healthcare representative ,85000.0,5494,11,3.2,1,10.0,0,9,1,6,Yes
1009.0,31,2, sales executive ,48620.0,19461,15,3.0,1,11.0,3,7,1,7,Yes
607.0,83,2, sales executive ,46390.0,2261,16,3.0,1,10.0,2,15,6,13,Yes
817.0,60,2, laboratory technician ,53630.0,10846,12,3.0,1,10.0,0,9,0,0,No
803.1,86,2, laboratory technician ,48620.0,17491,13,3.0,2,10.0,1,8,7,7,No
930.0,73,2, research scientist ,40810.0,20003,14,3.0,0,20.0,3,20,1,8,No
1147.0,31,4, manager ,48620.0,16616,14,3.0,1,21.0,5,20,0,9,No
652.0,100,1, laboratory technician ,35780.0,23577,12,3.0,0,8.0,2,7,0,7,Yes
337.0,84,3, healthcare representative ,48620.0,22930,12,3.0,0,10.0,1,8,7,7,Yes
971.0,54,4, research director ,173280.0,5652,19,3.0,0,29.0,3,20,12,7,No
1136.0,81,4, research director ,48620.0,12414,13,3.0,2,31.0,4,7,0,0,Yes
377.0,52,3, sales executive ,48620.0,15986,11,3.0,1,28.0,1,7,4,3,Yes
1038.0,95,3, healthcare representative ,108510.0,19863,18,3.0,1,10.0,2,7,0,7,No
1490.0,35,3, healthcare representative ,104660.0,20948,14,3.0,2,29.0,3,8,0,7,No
1246.0,77,2, sales executive ,48620.0,23757,14,3.0,2,10.0,3,10,0,4,Yes
224.0,100,1, research scientist ,23620.0,7568,13,3.0,0,10.0,2,9,0,7,Yes
441.0,39,2, healthcare representative ,48620.0,7288,13,3.0,1,9.0,3,7,0,7,Yes
607.0,78,3, manufacturing director ,48620.0,14618,16,3.0,1,10.0,4,33,1,9,Yes
1313.0,31,5, research director ,48620.0,3549,14,3.2,1,10.0,4,22,1,10,No
1015.0,50,2, laboratory technician ,57690.0,23447,14,3.0,0,10.0,3,10,1,4,No
803.1,52,2, sales executive ,43850.0,24162,15,3.2,1,10.0,2,10,4,5,No
426.0,42,2, manufacturing director ,48620.0,17000,13,3.0,1,9.0,3,9,7,2,Yes
1302.0,0,1, laboratory technician ,40660.0,16290,11,3.0,2,7.0,3,7,0,7,Yes
1329.0,59,2, manufacturing director ,48620.0,5388,19,3.0,2,10.0,3,10,3,9,Yes
602.0,37,2, human resources ,48620.0,10503,11,3.0,0,14.0,3,10,0,2,Yes
772.0,77,2, manufacturing director ,52060.0,4973,17,3.0,2,7.0,6,7,0,7,No
803.1,95,1, sales representative ,26550.0,11740,11,3.2,2,19.0,3,9,7,7,No
786.0,76,1, laboratory technician ,25700.0,11925,20,4.0,0,7.0,5,7,5,7,Yes
921.0,96,3, healthcare representative ,48620.0,14810,19,3.2,1,10.0,2,8,6,7,Yes
717.0,34,2, healthcare representative ,48620.0,9697,14,3.0,0,19.0,3,10,0,9,Yes
1370.0,49,2, manufacturing director ,48620.0,5151,16,3.0,1,17.0,3,7,0,7,Yes
1312.0,78,1, research scientist ,49680.0,26427,16,3.0,0,10.0,2,9,0,7,No
979.0,94,3, sales executive ,48620.0,3088,11,3.0,1,10.0,2,7,1,7,Yes
1283.0,62,2, sales executive ,51470.0,10697,15,3.0,0,13.0,2,11,1,7,Yes
953.0,65,1, research scientist ,27180.0,17674,14,3.0,0,12.0,3,7,0,7,Yes
244.0,97,1, human resources ,35390.0,5033,13,3.0,0,10.0,5,9,1,8,No
303.0,84,2, sales executive ,58130.0,13492,18,3.0,0,10.0,2,10,7,7,No
1180.0,90,2, manufacturing director ,48620.0,24442,14,3.0,1,15.0,6,7,1,7,No
1092.0,64,3, manufacturing director ,96670.0,2739,14,3.0,0,9.0,3,7,0,2,No
261.0,66,2, healthcare representative ,48620.0,10842,22,4.0,1,13.0,2,9,3,7,No
1422.0,92,2, sales executive ,56750.0,19246,20,4.0,1,7.0,5,7,7,7,No
803.1,64,3, sales executive ,73140.0,14011,21,4.0,3,14.0,2,8,0,7,Yes
511.0,89,2, sales executive ,48620.0,26997,14,3.0,0,9.0,5,8,0,7,No
1396.0,83,3, research director ,48620.0,14842,13,3.0,1,18.0,3,13,5,7,Yes
803.1,42,2, sales executive ,48620.0,19255,12,3.0,1,7.0,2,7,0,7,Yes
1169.0,64,2, research scientist ,48620.0,2125,18,3.0,1,10.0,4,8,1,7,No
1239.0,39,3, sales executive ,48620.0,22914,18,3.0,1,9.0,2,8,1,1,Yes
157.0,95,1, laboratory technician ,48620.0,20006,13,3.0,0,8.0,6,7,7,6,Yes
954.0,44,2, sales executive ,48620.0,5099,14,3.0,0,10.0,5,7,0,7,No
754.0,63,2, sales executive ,48620.0,21075,11,3.0,0,10.0,4,10,0,8,Yes
697.0,40,3, research director ,48620.0,26862,20,4.0,1,13.0,2,11,4,8,Yes
1395.0,48,2, research scientist ,50980.0,18698,19,3.0,0,10.0,5,10,0,8,Yes
501.0,95,2, healthcare representative ,48620.0,21653,13,3.2,1,10.0,6,9,8,1,Yes
116.0,52,2, research scientist ,48620.0,5340,13,3.2,0,10.0,2,7,1,7,No
582.0,60,4, manufacturing director ,135700.0,5640,23,3.2,1,21.0,3,20,0,10,Yes
704.0,95,2, sales executive ,67120.0,8978,21,4.0,2,8.0,2,8,1,7,No
613.0,42,3, healthcare representative ,99910.0,21457,15,3.0,1,10.0,5,7,1,7,Yes
419.0,53,3, research director ,48620.0,21293,11,3.2,0,10.0,4,12,2,11,No
1211.0,98,2, sales executive ,48620.0,20445,21,3.2,0,14.0,4,9,0,8,Yes
857.0,91,4, manager ,48620.0,12888,13,3.0,1,10.0,2,7,7,7,No
505.0,64,3, healthcare representative ,109380.0,6420,25,4.0,0,20.0,1,19,11,8,No
269.0,56,1, laboratory technician ,25930.0,8007,11,3.0,1,10.0,4,9,7,8,Yes
553.0,74,3, manager ,118780.0,23364,11,3.2,2,12.0,2,10,8,8,Yes
1296.0,62,3, manufacturing director ,80950.0,18264,13,3.0,0,17.0,5,16,0,13,Yes
427.0,73,5, manager ,48620.0,8861,15,3.0,3,23.0,2,21,12,6,No
975.0,55,2, healthcare representative ,48620.0,23398,19,3.0,0,10.0,2,7,0,7,No
1318.0,66,4, manager ,48620.0,5594,14,3.0,1,10.0,2,20,4,17,No
249.0,35,2, sales executive ,45370.0,17783,22,4.0,1,8.0,2,7,7,7,Yes
881.0,98,4, manager ,179240.0,4544,11,3.0,1,31.0,3,31,14,7,No
1137.0,51,2, healthcare representative ,40140.0,19170,25,4.0,1,10.0,2,10,0,7,Yes
466.0,65,4, manufacturing director ,127420.0,7060,16,3.0,1,10.0,3,21,11,8,Yes
509.0,43,1, research scientist ,33760.0,18863,13,3.0,0,10.0,3,10,0,8,No
469.0,35,4, manager ,48620.0,14399,17,3.0,1,23.0,3,22,13,7,No
994.0,87,3, healthcare representative ,48620.0,15322,19,3.0,0,18.0,4,8,4,0,Yes
433.0,37,1, human resources ,48620.0,6004,13,3.0,1,7.0,2,7,5,0,Yes
482.0,87,2, research scientist ,42490.0,2690,11,3.0,0,10.0,3,9,1,1,No
1083.0,96,2, manufacturing director ,65490.0,3173,14,3.2,2,8.0,2,8,1,7,Yes
136.0,32,4, research director ,48620.0,22074,13,3.0,1,10.0,1,20,14,17,Yes
333.0,88,4, research director ,144110.0,24450,13,3.0,0,10.0,2,32,13,9,No
1462.0,38,3, sales executive ,82370.0,4658,11,3.0,1,11.0,3,7,7,6,Yes
722.0,84,1, laboratory technician ,32110.0,22102,14,3.0,1,10.0,3,9,1,4,Yes
803.1,48,4, research director ,167040.0,17119,11,3.2,0,21.0,2,21,8,6,No
1131.0,77,1, research scientist ,47740.0,23844,19,3.0,1,10.0,2,7,7,3,No
300.0,56,5, manager ,48620.0,17312,11,3.0,0,24.0,2,22,4,14,Yes
1023.0,63,2, sales executive ,48620.0,13243,14,3.0,0,17.0,3,9,0,8,Yes
153.0,49,2, laboratory technician ,48620.0,12682,12,3.0,0,10.0,3,9,0,8,Yes
1065.0,72,2, sales executive ,45680.0,10034,20,4.0,0,10.0,2,9,8,7,No
1195.0,95,2, manufacturing director ,64990.0,22656,13,3.0,0,6.0,3,6,0,3,Yes
665.0,60,1, research scientist ,48620.0,22673,19,3.0,0,6.0,1,6,1,5,No
1479.0,84,2, manufacturing director ,63970.0,26767,20,4.0,1,6.0,6,6,1,4,No
304.0,92,2, sales executive ,48620.0,20750,16,3.0,0,10.0,1,7,0,7,Yes
1368.0,0,2, healthcare representative ,48620.0,4386,11,3.0,3,7.0,4,6,0,4,Yes
828.0,77,2, sales executive ,48620.0,8346,13,3.0,0,10.0,2,6,0,5,Yes
142.0,69,3, sales executive ,48620.0,24666,13,3.0,1,9.0,6,9,7,7,No
1246.0,99,5, manager ,48620.0,7999,11,3.0,1,10.0,2,32,10,7,No
254.0,83,1, research scientist ,36220.0,22794,13,3.0,1,6.0,3,6,1,3,Yes
1410.0,71,2, sales executive ,48620.0,16673,20,3.2,2,10.0,3,6,0,4,No
883.0,32,2, sales executive ,61800.0,22807,23,4.0,0,6.0,5,6,1,4,No
121.0,86,1, research scientist ,43810.0,7530,11,3.2,0,6.0,3,6,1,3,Yes
1343.0,53,1, research scientist ,25590.0,17852,11,3.0,0,6.0,3,6,1,1,No
827.0,84,2, healthcare representative ,54880.0,20161,13,3.0,1,10.0,2,6,1,2,Yes
1107.0,93,1, research scientist ,25140.0,26968,22,4.0,1,11.0,1,7,1,7,No
490.0,61,1, research scientist ,48620.0,17940,14,3.0,2,8.0,2,7,1,1,Yes
1332.0,80,2, healthcare representative ,48620.0,17089,12,3.2,0,6.0,2,6,0,1,No
465.0,74,1, research scientist ,34200.0,10205,12,3.0,1,17.0,2,6,1,2,Yes
1200.0,0,2, research scientist ,40870.0,25174,14,3.0,1,9.0,3,6,1,2,Yes
977.0,45,2, research scientist ,48620.0,25518,13,3.0,2,10.0,4,9,1,6,Yes
1328.0,76,1, research scientist ,48620.0,4956,23,4.0,1,10.0,3,5,0,4,No
803.1,0,3, manufacturing director ,48620.0,21698,11,3.0,0,37.0,3,6,0,2,Yes
120.0,43,2, sales executive ,42210.0,8863,15,3.0,0,5.0,3,5,0,4,Yes
240.0,46,2, sales executive ,48620.0,26959,11,3.0,0,10.0,1,6,0,3,Yes
441.0,72,1, research scientist ,49630.0,4510,18,3.0,3,7.0,2,5,4,3,Yes
841.0,46,1, research scientist ,48620.0,23300,19,3.0,0,5.0,3,5,4,3,No
1033.0,41,1, laboratory technician ,42000.0,10224,22,4.0,0,10.0,2,5,0,4,No
803.1,75,1, research scientist ,48620.0,23910,14,3.0,0,10.0,4,5,0,4,Yes
1452.0,53,5, manager ,48620.0,17053,15,3.0,0,10.0,5,5,4,4,No
120.0,43,1, research scientist ,48620.0,12430,20,4.0,0,8.0,2,5,1,4,No
1268.0,30,2, sales executive ,50060.0,6319,11,3.0,1,9.0,3,5,0,3,No
803.1,37,1, research scientist ,48620.0,5228,14,3.0,3,7.0,3,5,2,2,Yes
121.0,35,3, sales executive ,76390.0,24525,22,4.0,3,10.0,3,10,1,9,Yes
803.1,90,2, manufacturing director ,48620.0,4381,12,3.0,1,6.0,2,5,1,4,Yes
813.0,58,1, laboratory technician ,48620.0,22149,13,3.0,1,8.0,2,5,0,4,No
307.0,71,1, laboratory technician ,48620.0,11652,11,3.0,0,10.0,2,5,1,4,Yes
228.0,0,2, sales executive ,65020.0,22825,14,3.0,1,10.0,5,5,0,1,Yes
210.0,73,2, sales executive ,63490.0,22107,13,3.0,1,10.0,0,5,1,4,Yes
483.0,0,2, manufacturing director ,48620.0,10110,15,3.0,0,10.0,3,5,1,2,Yes
921.0,98,1, laboratory technician ,48620.0,17663,20,4.0,1,10.0,3,5,0,3,Yes
575.0,68,2, sales executive ,63800.0,6110,12,3.0,2,8.0,6,6,1,0,Yes
1311.0,97,4, manager ,48620.0,23258,13,3.0,0,10.0,2,5,1,2,No
575.0,73,1, research scientist ,31020.0,6582,22,4.0,0,10.0,2,6,0,4,Yes
891.0,99,2, sales executive ,48620.0,12090,11,3.0,0,5.0,3,5,1,3,No
532.0,92,2, research scientist ,45560.0,12932,11,3.0,1,19.0,3,5,0,2,No
317.0,43,2, manufacturing director ,48620.0,24793,20,4.0,0,11.0,2,5,0,2,Yes
144.0,46,1, laboratory technician ,42300.0,19225,15,3.0,0,10.0,2,5,4,3,No
646.0,92,2, research scientist ,63220.0,18089,12,3.0,1,6.0,2,6,0,5,No
719.0,77,2, sales executive ,48620.0,10339,12,3.0,0,8.0,2,5,1,3,No
1012.0,0,1, research scientist ,48620.0,2373,12,3.0,1,10.0,3,5,0,3,Yes
930.0,74,3, sales executive ,107610.0,19239,12,3.0,1,18.0,2,5,0,2,No
1278.0,77,1, human resources ,48620.0,8635,21,4.0,0,10.0,3,5,0,3,Yes
1222.0,48,1, research scientist ,48620.0,14871,19,3.0,1,10.0,2,6,0,2,Yes
1231.0,54,1, sales representative ,29730.0,21222,15,3.0,1,10.0,3,5,0,0,No
462.0,68,2, sales executive ,48620.0,7824,17,3.0,0,10.0,6,5,0,3,Yes
803.1,66,4, research director ,173990.0,6615,22,3.2,1,32.0,1,5,1,3,Yes
1089.0,66,3, manager ,48620.0,11038,14,3.0,1,14.0,1,6,0,4,Yes
1240.0,63,1, research scientist ,48620.0,12154,19,3.0,1,18.0,4,5,0,3,No
1262.0,35,4, manager ,168850.0,16154,22,3.2,0,10.0,3,5,2,1,Yes
439.0,70,2, laboratory technician ,48620.0,8770,15,3.0,0,9.0,2,5,0,3,No
647.0,45,2, sales executive ,51550.0,2253,13,3.0,0,10.0,3,6,1,5,No
1097.0,96,1, research scientist ,29360.0,10826,11,3.0,0,6.0,4,6,0,2,No
942.0,69,1, research scientist ,48620.0,26933,18,3.2,1,6.0,2,5,1,3,No
966.0,53,3, manufacturing director ,48620.0,9659,17,3.0,1,33.0,2,5,1,4,No
168.0,33,5, manager ,187890.0,9946,14,3.0,1,10.0,2,11,0,8,Yes
1089.0,79,2, laboratory technician ,48830.0,22845,18,3.0,1,10.0,3,10,1,1,Yes
999.0,92,1, research scientist ,20290.0,15891,20,4.0,3,5.0,2,5,0,0,Yes
1498.0,44,2, sales executive ,48620.0,3567,12,3.0,2,8.0,2,5,1,4,No
1111.0,61,2, sales executive ,48620.0,19293,13,3.0,0,8.0,2,5,1,2,Yes
1485.0,71,3, healthcare representative ,48620.0,3449,21,4.0,1,13.0,2,6,0,5,No
258.0,54,1, laboratory technician ,48620.0,17363,13,3.2,0,12.0,2,5,0,4,Yes
1174.0,99,2, sales executive ,92780.0,20763,16,3.0,0,15.0,3,5,0,1,Yes
172.0,0,2, laboratory technician ,48620.0,22604,16,3.0,0,10.0,2,10,1,8,Yes
803.1,42,2, sales executive ,41620.0,15211,12,3.0,2,10.0,3,5,0,3,Yes
866.0,0,2, sales executive ,48620.0,23490,18,3.0,0,10.0,4,5,1,3,Yes
571.0,0,2, sales executive ,48620.0,24200,17,3.0,1,10.0,4,5,1,2,Yes
676.0,86,1, laboratory technician ,48620.0,21831,14,3.0,0,15.0,3,5,1,0,No
950.0,97,1, research scientist ,48620.0,4585,20,4.0,1,10.0,3,5,0,3,Yes
1342.0,47,2, sales executive ,48620.0,19345,12,3.0,0,10.0,5,8,7,1,Yes
118.0,84,2, sales executive ,48620.0,11262,15,3.0,1,5.0,2,5,1,2,Yes
990.0,87,1, laboratory technician ,48760.0,5855,12,3.0,1,10.0,0,6,0,2,No
241.0,48,1, research scientist ,21410.0,5348,12,3.0,1,6.0,3,6,1,1,Yes
803.1,54,3, manufacturing director ,77560.0,14199,19,3.0,1,10.0,6,5,0,2,Yes
1470.0,71,1, research scientist ,39360.0,9953,11,3.0,1,8.0,2,8,7,7,No
1040.0,79,2, healthcare representative ,68420.0,26308,20,4.0,1,13.0,3,5,0,4,Yes
1320.0,93,1, laboratory technician ,39890.0,20586,11,3.2,0,5.0,2,5,1,2,Yes
146.0,79,1, research scientist ,49300.0,13970,14,3.0,0,6.0,2,5,1,4,Yes
163.0,30,2, manufacturing director ,48620.0,6670,20,4.0,0,9.0,3,5,1,4,Yes
1153.0,40,1, laboratory technician ,37020.0,16376,11,3.0,1,5.0,3,5,0,4,Yes
185.0,91,1, laboratory technician ,27050.0,9696,16,3.2,1,6.0,2,5,0,3,Yes
1297.0,0,1, laboratory technician ,23790.0,19826,14,3.0,0,6.0,3,5,0,2,Yes
337.0,54,2, sales executive ,48620.0,26841,21,4.0,1,14.0,3,5,1,4,Yes
217.0,43,2, sales executive ,54870.0,10410,14,3.0,0,10.0,2,10,0,9,No
1064.0,42,5, research director ,48620.0,13738,15,3.0,0,28.0,3,5,4,3,No
1351.0,66,1, laboratory technician ,28100.0,9238,22,4.0,0,5.0,3,5,0,2,Yes
1218.0,82,1, sales representative ,48620.0,6986,23,4.0,0,10.0,4,5,0,3,No
1273.0,72,1, research scientist ,48620.0,21923,12,3.0,2,6.0,3,5,1,4,No
1141.0,42,2, sales executive ,48620.0,3193,19,3.2,2,10.0,3,5,1,3,No
1488.0,75,2, sales executive ,54540.0,4009,21,4.0,1,9.0,2,4,1,3,No
653.0,50,2, laboratory technician ,48620.0,5456,11,3.0,0,10.0,2,10,9,9,Yes
989.0,43,5, research director ,187400.0,16701,12,3.2,1,10.0,2,27,13,8,No
1225.0,57,2, sales executive ,54730.0,24668,11,3.2,0,20.0,2,4,1,3,No
530.0,78,4, healthcare representative ,135030.0,14115,22,4.0,1,22.0,3,22,11,11,No
1217.0,60,3, research director ,135490.0,24001,12,3.0,1,16.0,5,4,0,3,No
142.0,0,4, manager ,48620.0,13871,12,3.2,0,10.0,3,5,4,4,Yes
1127.0,52,1, laboratory technician ,27740.0,13257,12,3.0,1,10.0,2,5,1,2,Yes
1427.0,35,1, laboratory technician ,48620.0,11162,13,3.0,0,6.0,3,5,1,2,Yes
303.0,75,1, sales representative ,48620.0,11314,18,3.0,1,10.0,3,4,1,2,No
702.0,0,2, sales executive ,48620.0,12930,22,3.2,0,12.0,2,8,0,7,No
926.0,36,2, manufacturing director ,52650.0,16439,16,3.0,1,11.0,5,5,0,2,No
878.0,43,1, research scientist ,38150.0,5972,17,3.0,1,10.0,4,5,2,0,Yes
334.0,52,2, sales executive ,48620.0,22967,15,3.0,0,9.0,5,6,0,1,Yes
896.0,86,1, research scientist ,23890.0,14961,13,3.0,0,4.0,3,4,0,1,Yes
1401.0,56,1, sales representative ,48620.0,20990,11,3.2,1,10.0,5,4,1,2,No
675.0,85,2, healthcare representative ,40000.0,18384,12,3.0,2,6.0,2,6,1,5,Yes
1070.0,45,4, research director ,175840.0,21016,16,3.0,3,21.0,5,5,1,3,Yes
496.0,60,2, healthcare representative ,48620.0,22722,13,3.0,1,5.0,3,5,3,3,Yes
1476.0,68,2, healthcare representative ,56610.0,4824,19,3.0,0,9.0,2,8,0,7,Yes
390.0,32,2, healthcare representative ,48620.0,17056,13,3.0,1,10.0,2,5,1,2,Yes
1220.0,85,1, research scientist ,48620.0,20938,12,3.0,0,4.0,2,4,1,2,Yes
928.0,31,2, research scientist ,48690.0,16885,12,3.2,0,20.0,4,4,0,3,No
746.0,61,2, sales executive ,46490.0,16928,14,3.2,1,10.0,3,4,0,2,Yes
1046.0,100,3, healthcare representative ,104960.0,2755,15,3.0,0,20.0,2,4,1,3,No
1448.0,62,1, sales representative ,48620.0,21972,16,3.0,0,6.0,4,5,1,4,Yes
1303.0,62,1, research scientist ,27680.0,8416,12,3.0,1,14.0,3,7,5,7,Yes
635.0,32,3, sales executive ,48620.0,15318,14,3.0,0,10.0,3,10,9,7,Yes
267.0,0,2, sales executive ,48620.0,13430,14,3.0,0,10.0,3,14,1,10,Yes
703.0,66,2, sales executive ,48620.0,7428,20,4.0,2,10.0,5,5,1,4,Yes
798.0,66,1, research scientist ,21870.0,5013,12,3.0,2,6.0,5,5,0,3,Yes
1420.0,85,1, sales representative ,48620.0,16346,11,3.0,1,5.0,3,4,0,2,Yes
650.0,37,1, laboratory technician ,48620.0,4344,14,3.0,1,5.0,2,4,0,2,Yes
141.0,44,2, human resources ,48620.0,18767,15,3.0,1,10.0,3,8,3,6,No
715.0,41,1, research scientist ,42580.0,26589,18,3.0,1,10.0,3,4,1,2,Yes
803.1,0,2, sales executive ,53260.0,3064,17,3.0,0,10.0,2,4,1,2,Yes
376.0,0,2, manufacturing director ,54850.0,22670,11,3.2,2,10.0,4,5,1,4,Yes
691.0,64,4, research director ,176390.0,6881,16,3.0,0,10.0,3,4,0,3,No
932.0,43,2, manufacturing director ,60620.0,4051,13,3.0,1,8.0,4,4,0,2,No
638.0,91,2, research scientist ,48620.0,22162,12,3.0,1,9.0,3,5,1,3,Yes
1265.0,95,2, laboratory technician ,48620.0,23726,13,3.0,1,17.0,1,5,1,3,Yes
152.0,85,2, sales executive ,56660.0,19899,13,3.0,0,6.0,1,5,1,3,Yes
974.0,91,1, laboratory technician ,48620.0,11005,14,3.2,2,8.0,2,5,0,2,No
853.0,0,2, manufacturing director ,48620.0,11275,12,3.0,1,4.0,1,4,0,3,No
217.0,94,1, laboratory technician ,48620.0,6881,15,3.0,1,4.0,3,4,1,1,Yes
715.0,69,4, manufacturing director ,137260.0,21829,13,3.0,0,10.0,4,5,4,3,No
1234.0,90,4, manager ,48620.0,5404,13,3.0,1,26.0,4,9,1,1,No
788.0,36,1, human resources ,48620.0,8318,16,3.0,0,10.0,3,6,0,4,Yes
921.0,66,1, research scientist ,48620.0,25265,13,3.0,2,10.0,5,5,1,3,No
803.1,67,1, research scientist ,48620.0,19911,17,3.0,0,10.0,2,5,0,4,Yes
852.0,72,2, sales executive ,48620.0,2706,18,3.0,1,10.0,3,10,1,4,No
1372.0,85,2, sales executive ,48620.0,9489,13,3.2,0,7.0,2,4,1,3,Yes
1329.0,61,2, sales executive ,41150.0,13192,19,3.0,3,8.0,3,4,0,3,No
150.0,60,2, manufacturing director ,48620.0,17433,11,3.0,1,10.0,3,6,1,4,Yes
803.1,79,2, human resources ,62720.0,12858,16,3.0,1,10.0,3,4,0,3,Yes
1167.0,76,1, research scientist ,25170.0,3208,11,3.0,3,10.0,2,5,0,3,Yes
206.0,99,5, manager ,48620.0,4022,14,3.0,0,36.0,4,7,7,7,No
803.1,66,2, sales executive ,48620.0,4297,17,3.0,1,10.0,2,9,1,7,Yes
736.0,48,2, sales executive ,48620.0,24232,11,3.0,1,5.0,0,5,0,4,Yes
322.0,59,4, manufacturing director ,48620.0,9731,11,3.0,1,10.0,3,5,0,2,Yes
683.0,36,1, research scientist ,39040.0,4050,12,3.0,0,5.0,2,4,1,1,Yes
1475.0,97,2, laboratory technician ,48620.0,22710,20,4.0,0,20.0,2,4,1,3,Yes
560.0,91,1, research scientist ,48620.0,20284,14,3.0,2,10.0,2,4,1,3,Yes
803.1,97,2, sales executive ,92040.0,23343,12,3.0,1,7.0,3,4,0,3,Yes
803.1,54,2, sales executive ,43730.0,17456,14,3.0,2,5.0,2,4,0,3,No
115.0,51,2, sales executive ,48620.0,17485,11,3.2,0,7.0,4,5,0,0,No
803.1,46,1, human resources ,20640.0,15428,21,4.0,1,6.0,3,5,1,3,No
507.0,97,2, laboratory technician ,48620.0,24812,14,3.0,0,5.0,2,4,1,2,No
575.0,44,2, manufacturing director ,48620.0,24152,13,3.0,0,5.0,2,5,0,2,Yes
803.1,98,1, sales representative ,24300.0,26204,23,4.0,2,6.0,5,5,4,2,Yes
888.0,71,2, human resources ,48620.0,14814,11,3.0,0,10.0,2,6,1,2,Yes
580.0,39,2, manufacturing director ,48770.0,20460,21,4.0,1,6.0,5,5,0,0,Yes
671.0,85,2, manufacturing director ,48620.0,26493,17,3.0,3,10.0,2,4,0,2,No
567.0,32,1, research scientist ,37600.0,17218,13,3.0,0,6.0,2,6,1,3,No
311.0,77,1, laboratory technician ,20130.0,10950,11,3.0,0,10.0,4,4,1,3,Yes
1395.0,48,3, healthcare representative ,48620.0,3458,15,3.0,0,11.0,2,4,1,2,No
1278.0,31,2, sales executive ,48620.0,7677,14,3.0,2,6.0,2,6,1,3,Yes
371.0,80,3, sales executive ,48620.0,3840,13,3.0,1,10.0,2,4,0,2,No
855.0,57,1, laboratory technician ,27660.0,8952,22,4.0,3,7.0,6,5,0,4,Yes
548.0,94,1, laboratory technician ,48620.0,20520,20,4.0,2,5.0,2,5,0,4,Yes
429.0,99,1, research scientist ,48620.0,11092,12,3.0,3,10.0,2,5,2,3,Yes
1253.0,65,3, research director ,48620.0,7914,21,4.0,0,10.0,3,4,2,2,Yes
1194.0,52,2, healthcare representative ,65130.0,9060,17,3.0,1,12.0,3,5,0,3,Yes
355.0,38,1, research scientist ,48620.0,6161,22,4.0,2,10.0,1,6,3,3,No
1480.0,64,3, sales executive ,48620.0,24444,13,3.0,3,9.0,3,5,1,0,Yes
783.0,78,2, research scientist ,42840.0,13588,22,4.0,1,16.0,2,5,0,4,Yes
1354.0,41,1, research scientist ,22260.0,6073,11,3.2,1,6.0,3,5,1,2,No
682.0,71,2, sales executive ,55610.0,15975,16,3.0,1,10.0,2,5,0,4,Yes
1103.0,49,1, research scientist ,21440.0,2122,14,3.0,0,5.0,3,5,1,4,Yes
136.0,89,2, healthcare representative ,53730.0,6225,12,3.0,1,6.0,5,5,0,2,No
155.0,67,2, research scientist ,28970.0,22474,11,3.0,2,9.0,6,4,2,3,No
771.0,45,2, healthcare representative ,48620.0,14120,12,3.0,0,4.0,2,4,1,2,Yes
508.0,72,2, manufacturing director ,53210.0,14284,11,3.0,1,10.0,1,8,7,7,No
557.0,35,2, research scientist ,54100.0,11189,17,3.0,1,9.0,3,4,1,2,Yes
642.0,76,1, research scientist ,27820.0,21412,22,3.2,1,10.0,3,5,1,0,Yes
1382.0,85,2, sales executive ,48620.0,13684,22,4.0,1,6.0,3,5,0,4,Yes
878.0,94,2, sales executive ,48620.0,14255,12,3.0,2,12.0,3,6,0,1,Yes
374.0,50,2, sales executive ,48500.0,23333,15,3.0,0,10.0,3,5,0,1,Yes
287.0,62,1, research scientist ,48620.0,8952,12,3.0,1,4.0,5,4,1,1,Yes
803.1,46,2, laboratory technician ,48620.0,23679,13,3.0,1,10.0,2,4,0,3,No
803.1,82,2, laboratory technician ,44040.0,10228,12,3.0,0,10.0,3,4,1,2,Yes
591.0,40,1, laboratory technician ,48620.0,16632,12,3.0,1,6.0,3,2,2,2,No
670.0,0,1, research scientist ,48620.0,15170,17,3.0,1,5.0,1,5,4,3,Yes
1346.0,93,1, laboratory technician ,48620.0,8758,11,3.0,1,3.0,2,2,1,2,Yes
103.0,50,1, laboratory technician ,48620.0,12947,14,3.0,0,6.0,4,4,0,3,Yes
334.0,80,1, research scientist ,48620.0,15053,12,3.0,2,7.0,5,6,0,5,Yes
371.0,45,1, research scientist ,39440.0,4306,11,3.0,0,6.0,3,3,1,2,Yes
673.0,96,2, manufacturing director ,48620.0,8232,18,3.0,1,5.0,5,4,1,3,Yes
699.0,83,1, research scientist ,29600.0,17102,11,3.0,0,10.0,2,4,1,3,Yes
803.1,72,1, research scientist ,48620.0,4681,22,3.2,0,10.0,5,10,6,7,No
705.0,83,5, manager ,189470.0,22822,12,3.0,0,22.0,2,2,2,1,No
1459.0,41,2, healthcare representative ,64650.0,19121,13,3.0,0,10.0,5,4,1,3,No
803.1,86,1, sales representative ,26830.0,3810,14,3.0,0,3.0,2,3,0,2,Yes
890.0,97,1, sales representative ,20140.0,9687,13,3.0,0,2.0,3,2,2,2,Yes
1434.0,50,1, laboratory technician ,34410.0,11179,13,3.2,0,2.0,3,2,2,2,Yes
1443.0,47,2, sales executive ,48620.0,21436,19,3.0,1,5.0,2,2,0,0,No
664.0,79,1, research scientist ,48620.0,5868,13,3.0,1,5.0,2,3,1,2,Yes
397.0,30,3, research director ,136640.0,25258,13,3.2,0,10.0,3,5,0,2,Yes
803.1,80,2, human resources ,50210.0,10425,22,4.0,1,10.0,2,4,0,2,Yes
1153.0,94,2, manufacturing director ,48620.0,17736,15,3.0,0,10.0,2,5,1,3,Yes
432.0,96,1, laboratory technician ,48620.0,18725,23,4.0,2,10.0,4,4,0,3,Yes
1353.0,33,2, sales executive ,48620.0,17519,21,4.0,1,4.0,2,3,0,2,Yes
489.0,0,2, laboratory technician ,48620.0,25043,12,3.0,1,10.0,3,3,1,2,Yes
807.0,63,1, human resources ,48620.0,23648,22,4.0,0,10.0,3,3,0,2,Yes
1280.0,0,1, research scientist ,48620.0,26897,11,3.0,2,10.0,2,2,2,1,Yes
957.0,72,1, research scientist ,47390.0,16090,12,3.0,0,10.0,2,3,1,2,Yes
542.0,71,2, sales executive ,48620.0,24788,11,3.0,1,4.0,2,2,2,2,Yes
216.0,84,2, manufacturing director ,48620.0,2819,20,4.0,2,7.0,0,3,0,1,No
1150.0,53,3, manufacturing director ,106500.0,25150,15,3.0,0,18.0,2,4,0,3,No
364.0,32,2, research scientist ,43170.0,2302,20,4.0,0,19.0,2,3,2,2,No
201.0,84,1, research scientist ,48620.0,10415,14,3.2,1,8.0,3,3,2,2,Yes
691.0,57,1, research scientist ,20240.0,5970,18,3.0,1,10.0,1,2,2,2,Yes
440.0,42,1, research scientist ,48620.0,6672,11,3.0,1,5.0,2,5,0,2,Yes
1157.0,51,1, research scientist ,30580.0,13364,16,3.0,1,6.0,3,5,1,1,Yes
713.0,67,1, research scientist ,48620.0,13939,18,3.0,1,10.0,3,2,2,2,Yes
803.1,75,1, laboratory technician ,48620.0,6319,12,3.2,0,10.0,3,2,2,1,Yes
140.0,95,1, research scientist ,39290.0,6984,23,4.0,1,7.0,0,4,0,2,Yes
629.0,95,1, research scientist ,48620.0,5711,15,3.0,0,9.0,3,3,1,2,Yes
328.0,86,1, laboratory technician ,48620.0,3425,15,3.0,1,10.0,2,3,0,2,No
1084.0,0,2, manufacturing director ,48620.0,26250,11,3.0,2,5.0,3,4,1,3,No
803.1,37,2, laboratory technician ,44250.0,15986,11,3.0,0,10.0,5,6,1,2,Yes
1151.0,63,2, healthcare representative ,48620.0,14242,14,3.0,1,5.0,5,3,0,2,Yes
644.0,0,3, healthcare representative ,48620.0,12368,16,3.0,1,17.0,3,4,0,3,Yes
1005.0,88,1, research scientist ,26570.0,8556,11,3.0,0,8.0,5,5,0,4,Yes
1147.0,52,2, sales executive ,59400.0,17011,14,3.0,1,16.0,4,6,0,5,No
147.0,47,1, research scientist ,26220.0,13248,21,4.0,0,10.0,3,3,1,1,Yes
1323.0,89,1, laboratory technician ,32120.0,3300,15,3.0,0,10.0,3,2,2,2,Yes
1431.0,96,1, laboratory technician ,48620.0,15417,14,3.0,3,7.0,1,3,1,2,No
1327.0,73,3, research director ,48620.0,13523,12,3.0,1,10.0,3,2,2,2,Yes
832.0,63,1, research scientist ,29110.0,14776,13,3.0,1,2.0,2,2,0,2,Yes
1199.0,77,2, manufacturing director ,48620.0,5118,17,3.0,1,9.0,1,3,0,2,Yes
916.0,82,2, research scientist ,48620.0,23016,13,3.0,0,10.0,1,3,0,2,Yes
1247.0,45,2, sales executive ,69310.0,10732,14,3.0,1,10.0,2,3,0,2,No
685.0,62,2, manufacturing director ,48620.0,7505,12,3.0,2,5.0,3,4,1,2,No
128.0,84,2, laboratory technician ,21760.0,19737,13,3.0,0,9.0,5,6,0,4,No
996.0,100,1, research scientist ,32300.0,10531,17,3.0,0,10.0,4,3,1,0,No
728.0,80,3, research director ,48620.0,11677,18,3.0,2,10.0,2,5,0,2,No
688.0,82,2, healthcare representative ,48620.0,18899,14,3.0,1,10.0,2,2,1,2,No
1449.0,45,1, laboratory technician ,48620.0,14180,13,3.0,1,10.0,2,3,0,2,No
636.0,0,5, research director ,186650.0,25594,11,3.0,0,10.0,4,3,1,2,Yes
889.0,53,1, research scientist ,48620.0,11411,12,3.0,3,10.0,3,4,1,2,No
691.0,86,1, research scientist ,48620.0,10077,12,3.0,1,10.0,4,5,0,3,Yes
106.0,62,2, human resources ,64100.0,17822,12,3.0,0,10.0,1,2,1,0,No
723.0,85,2, research scientist ,49410.0,17747,15,3.2,0,11.0,3,8,7,7,No
1157.0,84,1, research scientist ,48620.0,24737,13,3.0,0,10.0,4,3,2,2,Yes
1482.0,42,5, research director ,48620.0,16375,11,3.0,1,21.0,2,3,1,1,No
738.0,30,1, laboratory technician ,39830.0,7621,17,3.0,0,4.0,2,3,2,2,Yes
1192.0,61,2, manufacturing director ,63470.0,23177,16,3.0,2,8.0,2,6,0,4,Yes
1309.0,83,1, research scientist ,29040.0,16092,12,3.0,2,10.0,2,4,0,2,No
544.0,52,1, human resources ,26960.0,24017,11,3.0,1,4.0,5,3,1,0,No
641.0,85,2, sales executive ,48620.0,6069,12,3.0,1,4.0,2,2,2,2,No
756.0,99,1, sales representative ,21740.0,9150,11,3.0,0,3.0,3,3,1,2,Yes
593.0,88,2, healthcare representative ,67550.0,2967,11,3.0,0,10.0,2,3,1,2,Yes
1283.0,54,1, research scientist ,48620.0,18168,16,3.2,0,6.0,4,3,1,2,No
329.0,96,1, research scientist ,25430.0,11868,13,3.0,1,10.0,3,2,2,2,Yes
1362.0,67,2, sales executive ,53040.0,4652,13,3.0,0,10.0,3,5,0,4,Yes
1371.0,77,2, sales executive ,48620.0,5915,12,3.0,1,10.0,2,5,0,3,Yes
201.0,0,1, laboratory technician ,48620.0,20490,16,3.0,1,8.0,5,5,1,2,Yes
821.0,86,5, research director ,194060.0,8509,11,3.0,1,24.0,4,4,1,2,No
1381.0,72,2, sales executive ,65380.0,12740,15,3.0,1,10.0,3,3,1,2,Yes
313.0,61,1, laboratory technician ,22580.0,15238,20,4.0,1,10.0,1,3,1,2,Yes
1473.0,74,2, healthcare representative ,48620.0,2227,14,3.0,0,10.0,3,5,0,2,Yes
329.0,98,1, laboratory technician ,22180.0,16193,12,3.0,1,4.0,3,4,3,2,No
192.0,69,1, research scientist ,26540.0,9655,21,3.2,2,8.0,3,2,0,2,Yes
296.0,33,1, sales representative ,48620.0,12253,16,3.0,1,3.0,3,2,1,0,Yes
986.0,93,3, research director ,119350.0,21526,18,3.0,0,10.0,2,10,0,7,Yes
1125.0,94,3, sales executive ,48620.0,11563,19,3.0,1,15.0,3,3,1,2,No
413.0,57,1, sales representative ,48620.0,18398,14,3.0,0,10.0,3,3,1,2,Yes
1474.0,97,1, laboratory technician ,48620.0,9260,17,3.0,1,10.0,4,2,2,0,Yes
1368.0,99,1, laboratory technician ,38940.0,9129,16,3.0,0,4.0,3,2,1,2,Yes
232.0,34,2, manufacturing director ,42620.0,22645,12,3.0,2,8.0,2,3,1,2,Yes
1034.0,86,3, healthcare representative ,105270.0,8984,11,3.0,0,10.0,3,2,1,2,Yes
1474.0,0,2, sales executive ,48620.0,23914,12,3.0,0,10.0,2,4,1,2,Yes
803.1,38,1, sales representative ,24000.0,5530,13,3.0,2,3.0,3,2,2,1,No
538.0,54,2, laboratory technician ,36810.0,14004,14,3.0,0,10.0,3,3,0,2,No
622.0,81,2, healthcare representative ,48620.0,5718,13,3.0,2,10.0,4,10,2,2,Yes
1236.0,40,4, manager ,48620.0,17997,11,3.0,1,21.0,3,3,0,2,Yes
1112.0,50,2, human resources ,48620.0,26894,11,3.2,0,10.0,1,2,0,2,Yes
204.0,31,1, sales representative ,48620.0,2912,18,3.0,2,8.0,3,8,0,6,Yes
1315.0,35,5, manager ,195130.0,9358,12,3.0,1,26.0,2,2,0,1,Yes
803.1,69,1, research scientist ,48620.0,12145,20,4.0,0,10.0,3,2,2,2,Yes
991.0,71,1, laboratory technician ,26590.0,17759,13,3.2,1,10.0,2,3,0,2,No
913.0,48,2, manufacturing director ,88470.0,13934,11,3.0,1,13.0,2,3,0,2,Yes
885.0,58,1, research scientist ,48620.0,8544,16,3.0,1,5.0,3,3,0,2,No
810.0,57,2, sales executive ,48510.0,15678,22,4.0,1,4.0,4,3,1,2,No
817.0,56,2, sales executive ,81200.0,18597,12,3.0,0,10.0,3,2,2,2,Yes
1179.0,84,2, sales executive ,54050.0,11924,14,3.0,0,10.0,1,2,2,2,No
316.0,54,1, sales representative ,48620.0,9983,15,3.0,1,4.0,2,2,2,2,Yes
381.0,49,1, laboratory technician ,37080.0,2104,14,3.0,0,9.0,5,5,1,4,No
217.0,49,4, sales executive ,137700.0,10225,12,3.0,2,28.0,2,22,11,13,Yes
933.0,57,1, research scientist ,48620.0,20366,12,3.0,0,10.0,2,2,2,2,Yes
775.0,47,2, sales executive ,48620.0,23683,18,3.2,1,7.0,5,2,2,2,Yes
346.0,86,2, laboratory technician ,24500.0,10919,17,3.0,0,19.0,4,2,2,2,No
575.0,71,1, laboratory technician ,48620.0,5288,14,3.0,1,10.0,2,2,2,0,Yes
182.0,72,1, research scientist ,48620.0,13551,16,3.0,0,10.0,2,4,1,3,No
829.0,84,2, sales executive ,43420.0,24008,19,3.0,1,5.0,3,4,1,1,Yes
921.0,38,1, laboratory technician ,48620.0,24375,21,3.2,2,7.0,2,2,0,2,Yes
1325.0,82,2, laboratory technician ,31490.0,21821,20,4.0,1,9.0,3,5,1,4,Yes
118.0,69,2, sales executive ,53240.0,26507,15,3.0,0,10.0,3,3,0,2,No
702.0,100,1, research scientist ,25530.0,8306,16,3.0,0,6.0,3,5,1,3,Yes
829.0,0,1, human resources ,48620.0,2243,19,3.0,1,4.0,1,3,0,2,No
625.0,50,2, healthcare representative ,59330.0,5197,12,3.0,0,10.0,2,5,2,3,Yes
803.1,73,2, sales executive ,44030.0,9250,11,3.0,1,8.0,3,5,0,3,Yes
803.1,0,2, manufacturing director ,48620.0,19146,22,4.0,2,4.0,2,2,2,2,No
986.0,62,1, laboratory technician ,48620.0,5044,24,4.0,1,10.0,2,3,0,2,No
803.1,96,1, research scientist ,20220.0,16612,19,3.0,1,10.0,3,10,7,8,Yes
583.0,87,2, sales executive ,42560.0,18154,12,3.0,0,5.0,1,5,0,3,No
1269.0,0,1, laboratory technician ,48620.0,10778,17,3.0,0,10.0,2,5,3,4,No
395.0,98,1, sales representative ,28990.0,12102,19,3.0,1,3.0,3,2,1,2,Yes
341.0,48,1, sales representative ,48620.0,23522,19,3.0,3,5.0,3,3,0,2,No
803.1,33,2, healthcare representative ,55620.0,21782,13,3.0,1,12.0,2,5,2,2,Yes
821.0,98,2, sales executive ,48620.0,24252,14,3.0,0,4.0,3,4,0,2,No
500.0,49,1, sales representative ,48620.0,22052,13,3.0,0,2.0,3,2,0,2,Yes
1454.0,65,1, sales representative ,48620.0,13137,18,3.0,0,3.0,3,3,1,2,Yes
995.0,77,1, research scientist ,23770.0,9834,18,3.0,1,6.0,2,2,2,2,Yes
1198.0,100,1, research scientist ,27990.0,3339,11,3.0,0,10.0,1,3,0,2,No
1219.0,86,2, sales executive ,48620.0,6179,16,3.0,0,5.0,3,5,1,0,Yes
335.0,46,1, research scientist ,48620.0,10322,22,4.0,0,4.0,0,3,1,2,No
461.0,53,1, research scientist ,34520.0,17241,18,3.0,0,5.0,4,3,0,2,No
1134.0,37,1, laboratory technician ,28110.0,12086,14,3.0,1,4.0,2,2,2,2,No
622.0,39,1, laboratory technician ,48620.0,10074,24,4.0,1,5.0,2,4,0,2,No
109.0,60,1, laboratory technician ,48620.0,25725,17,3.0,0,4.0,3,3,1,2,Yes
277.0,97,2, healthcare representative ,42400.0,13119,13,3.0,0,19.0,0,2,2,2,Yes
1055.0,47,2, manufacturing director ,42270.0,4658,18,3.0,1,10.0,2,3,2,2,Yes
802.0,45,1, laboratory technician ,39170.0,9541,20,4.0,1,3.0,4,3,1,2,No
265.0,79,2, sales executive ,49690.0,21813,18,3.0,0,10.0,6,2,2,2,Yes
1038.0,0,1, sales representative ,48620.0,21437,19,3.0,0,10.0,2,2,2,2,No
342.0,57,1, research scientist ,20420.0,15346,14,3.0,1,6.0,2,3,1,2,Yes
430.0,40,5, research director ,48620.0,21445,17,3.0,2,23.0,0,2,2,2,Yes
769.0,54,1, sales representative ,48620.0,17205,14,3.0,0,2.0,3,2,0,2,Yes
1176.0,85,2, manufacturing director ,99570.0,9096,15,3.0,1,7.0,1,6,0,2,No
1277.0,87,1, laboratory technician ,48620.0,5869,19,3.0,3,3.0,4,3,1,2,No
1091.0,65,3, manufacturing director ,48620.0,15813,18,3.0,1,23.0,4,3,1,2,Yes
654.0,34,3, healthcare representative ,48620.0,21214,15,3.0,1,10.0,2,3,1,2,Yes
895.0,50,1, laboratory technician ,22070.0,22482,16,3.0,1,4.0,5,4,2,2,Yes
618.0,45,2, healthcare representative ,77560.0,22266,17,3.0,0,10.0,1,6,0,4,Yes
1017.0,55,1, research scientist ,48620.0,2993,20,4.0,0,5.0,0,2,2,2,No
970.0,30,2, sales executive ,48620.0,13401,17,3.0,1,4.0,3,3,0,2,No
984.0,70,1, research scientist ,20700.0,25326,11,3.0,0,2.0,6,2,2,2,Yes
793.0,67,1, sales representative ,27910.0,21981,12,3.2,1,3.0,4,2,2,2,Yes
1003.0,95,2, manufacturing director ,48620.0,15834,11,3.0,0,10.0,3,3,0,2,Yes
603.0,77,2, sales executive ,82240.0,18385,17,3.0,0,6.0,3,5,0,3,No
874.0,72,1, laboratory technician ,26100.0,6233,12,3.0,1,10.0,5,2,2,2,Yes
367.0,52,2, healthcare representative ,57310.0,17171,13,3.0,2,9.0,2,6,1,3,Yes
199.0,55,1, research scientist ,25390.0,7950,13,3.2,1,4.0,0,4,2,2,Yes
803.1,0,1, laboratory technician ,23760.0,26537,13,3.0,1,2.0,2,2,2,2,Yes
1457.0,83,1, research scientist ,48620.0,20100,19,3.0,1,10.0,2,3,0,2,Yes
1450.0,52,5, research director ,190810.0,10849,11,3.0,1,25.0,2,4,0,3,Yes
116.0,77,1, laboratory technician ,27430.0,7331,20,4.0,1,2.0,2,2,2,2,Yes
791.0,44,1, laboratory technician ,48620.0,6842,11,3.0,0,10.0,2,4,0,2,No
735.0,66,1, research scientist ,48620.0,6020,14,3.2,0,4.0,3,3,2,2,No
640.0,84,1, research scientist ,20800.0,4732,11,3.0,0,5.0,2,3,1,2,No
266.0,40,1, research scientist ,20960.0,18830,18,3.0,0,10.0,3,2,2,1,No
848.0,88,1, research scientist ,48620.0,26076,12,3.0,2,10.0,3,2,2,2,Yes
1138.0,48,2, laboratory technician ,46270.0,23631,12,3.0,1,10.0,6,9,6,7,Yes
803.1,43,4, research director ,48620.0,22422,11,3.0,0,10.0,2,3,1,2,Yes
256.0,40,2, sales executive ,48620.0,22074,13,3.0,0,19.0,4,19,11,9,Yes
803.1,54,1, sales representative ,23020.0,8319,11,3.0,0,10.0,2,3,2,2,No
935.0,89,1, laboratory technician ,48620.0,14669,12,3.2,0,10.0,4,3,1,2,Yes
882.0,67,1, laboratory technician ,48620.0,9075,11,3.0,3,10.0,6,3,1,2,No
329.0,88,1, laboratory technician ,48620.0,6762,22,4.0,1,7.0,3,4,0,3,Yes
793.0,43,2, sales executive ,50710.0,20392,20,4.0,0,10.0,3,6,0,0,No
662.0,67,2, sales executive ,48620.0,23288,18,3.0,1,5.0,0,4,3,2,Yes
803.1,98,2, manufacturing director ,48620.0,21057,15,3.0,2,10.0,3,10,6,7,Yes
1200.0,75,2, research scientist ,54670.0,13953,14,3.0,2,12.0,4,6,3,3,No
499.0,36,2, sales executive ,48620.0,20497,13,3.0,3,4.0,3,3,1,2,Yes
803.1,98,2, sales executive ,57690.0,7100,11,3.0,0,10.0,3,6,4,4,Yes
803.1,51,1, research scientist ,23940.0,25681,13,3.2,0,8.0,2,8,7,7,Yes
1462.0,94,1, laboratory technician ,36290.0,19106,18,3.0,0,8.0,6,3,0,2,Yes
200.0,60,3, manufacturing director ,93620.0,19944,11,3.0,0,10.0,2,2,2,2,Yes
949.0,81,1, laboratory technician ,32290.0,4910,11,3.0,1,7.0,2,3,0,2,Yes
803.1,73,2, sales executive ,48620.0,12761,14,3.0,2,10.0,3,3,0,2,Yes
329.0,98,2, sales executive ,56470.0,13494,13,3.0,2,11.0,3,3,0,2,No
383.0,68,1, sales representative ,44000.0,15182,12,3.0,0,6.0,2,3,2,2,Yes
1255.0,90,1, research scientist ,20660.0,10494,22,4.0,1,5.0,3,3,1,0,Yes
803.1,90,1, research scientist ,48620.0,5561,12,3.0,0,7.0,5,4,0,3,Yes
523.0,94,1, laboratory technician ,48620.0,21081,13,3.0,1,7.0,2,2,2,2,Yes
1221.0,96,2, sales executive ,54860.0,24795,11,3.0,3,10.0,3,2,2,2,No
1107.0,52,1, human resources ,48620.0,3072,15,3.0,0,2.0,0,2,2,2,No
981.0,90,1, laboratory technician ,31620.0,7973,14,3.0,0,7.0,5,5,0,3,No
1495.0,96,2, healthcare representative ,66510.0,21534,14,3.2,1,20.0,0,3,1,2,Yes
1467.0,49,1, research scientist ,34200.0,21158,13,3.0,0,6.0,3,5,1,3,No
1496.0,92,1, sales representative ,29090.0,15747,15,3.0,1,5.0,3,3,1,2,No
467.0,55,2, sales executive ,48980.0,11827,14,3.0,0,5.0,5,4,1,3,Yes
271.0,43,2, laboratory technician ,48620.0,23070,25,4.0,1,10.0,3,3,1,2,Yes
410.0,97,1, laboratory technician ,31800.0,4668,13,3.0,3,10.0,3,3,0,2,No
495.0,64,3, manager ,112440.0,21072,25,3.2,0,10.0,5,5,0,0,Yes
561.0,33,1, research scientist ,48620.0,4156,12,3.0,0,7.0,2,7,7,7,Yes
1142.0,72,2, healthcare representative ,40690.0,8841,18,3.0,0,8.0,2,2,2,2,No
1242.0,46,2, sales executive ,63920.0,10589,13,3.0,1,10.0,6,2,2,2,No
1288.0,33,3, sales executive ,48620.0,17799,12,3.0,1,9.0,3,4,1,3,Yes
903.0,81,2, manufacturing director ,48550.0,7653,11,3.0,2,10.0,2,5,1,4,No
1108.0,65,1, research scientist ,48620.0,16530,12,3.0,1,10.0,3,8,7,6,Yes
1351.0,45,2, research scientist ,48620.0,13008,17,3.0,1,10.0,3,2,2,1,Yes
437.0,90,2, sales executive ,48620.0,16379,12,3.0,0,8.0,5,3,1,2,No
803.1,51,2, healthcare representative ,48620.0,4223,16,3.0,0,10.0,4,5,0,4,Yes
977.0,45,1, research scientist ,48620.0,12826,16,3.0,1,4.0,2,2,2,2,Yes
1302.0,80,2, laboratory technician ,48620.0,19711,13,3.0,1,9.0,3,3,0,2,No
653.0,92,2, healthcare representative ,48620.0,15332,14,3.0,1,8.0,3,8,7,7,No
634.0,35,1, research scientist ,33120.0,18783,17,3.0,2,6.0,3,3,0,2,Yes
546.0,97,1, research scientist ,31170.0,26009,18,3.0,0,10.0,2,2,2,2,No
448.0,84,3, manufacturing director ,48620.0,19948,15,3.2,0,18.0,2,4,3,3,Yes
365.0,89,4, manager ,152020.0,5602,25,4.0,1,10.0,3,2,2,2,Yes
763.0,59,2, sales executive ,48620.0,22098,14,3.0,2,10.0,2,2,2,2,No
486.0,86,1, research scientist ,48620.0,22490,17,3.0,0,5.0,0,3,0,2,No
591.0,87,1, research scientist ,25800.0,6297,13,3.0,0,10.0,0,4,1,2,Yes
711.0,42,3, healthcare representative ,48620.0,22792,12,3.2,2,9.0,6,3,0,2,Yes
301.0,72,4, research director ,48620.0,3498,16,3.0,2,27.0,2,4,1,2,Yes
1141.0,31,1, sales representative ,48620.0,13251,19,3.0,0,2.0,3,2,2,2,Yes
894.0,33,2, manufacturing director ,43740.0,15411,15,3.0,0,4.0,6,3,1,2,Yes
392.0,93,2, sales executive ,55050.0,3921,14,3.0,2,6.0,5,6,0,4,Yes
803.1,74,1, laboratory technician ,25870.0,24941,16,3.0,1,17.0,2,2,2,2,Yes
1351.0,80,2, healthcare representative ,48620.0,7419,14,3.0,2,10.0,2,3,0,2,No
528.0,44,1, human resources ,48620.0,4167,18,3.0,3,8.0,2,2,2,2,No
1441.0,94,1, research scientist ,48620.0,23737,12,3.2,1,8.0,1,4,1,2,Yes
427.0,99,1, sales representative ,48620.0,25103,21,4.0,1,3.0,2,3,0,2,No
741.0,69,1, laboratory technician ,34770.0,18103,14,3.0,1,6.0,2,5,0,3,No
552.0,60,2, human resources ,48620.0,20794,19,3.2,1,10.0,4,3,1,2,No
1456.0,96,2, sales executive ,48620.0,8658,13,3.0,3,16.0,3,2,2,2,Yes
160.0,51,1, laboratory technician ,48620.0,12862,13,3.0,0,3.0,3,3,1,2,No
897.0,59,1, human resources ,48620.0,2097,14,3.0,1,3.0,2,2,2,1,No
1054.0,67,1, research scientist ,34450.0,6152,11,3.0,0,6.0,5,6,1,4,No
461.0,70,2, healthcare representative ,62940.0,23060,12,3.0,0,10.0,5,3,0,2,No
589.0,46,2, sales executive ,48620.0,8800,14,3.0,2,10.0,2,5,0,3,No
849.0,98,2, sales executive ,48620.0,25166,15,3.0,0,6.0,3,2,2,2,No
343.0,52,1, research scientist ,48620.0,24978,13,3.0,0,10.0,2,3,1,2,Yes
803.1,85,2, healthcare representative ,48620.0,15530,12,3.0,0,10.0,3,3,1,2,No
1125.0,0,3, sales executive ,48620.0,8277,14,3.0,2,9.0,3,3,2,2,No
1217.0,67,1, research scientist ,35910.0,12719,25,4.0,1,10.0,3,3,1,2,No
723.0,77,2, sales representative ,54050.0,4244,20,4.0,2,20.0,4,4,0,3,Yes
1216.0,87,4, research director ,48620.0,21624,14,3.0,0,23.0,3,2,2,2,Yes
350.0,56,1, human resources ,48620.0,3157,15,3.0,3,10.0,3,2,2,0,No
207.0,64,1, laboratory technician ,21050.0,5411,12,3.0,0,10.0,2,2,2,0,No
280.0,43,1, human resources ,48620.0,10494,15,3.0,1,3.0,2,3,2,2,Yes
836.0,98,1, research scientist ,26620.0,7975,20,4.0,1,10.0,2,5,0,4,No
592.0,59,1, laboratory technician ,20620.0,19384,14,3.0,0,10.0,2,3,1,2,Yes
219.0,44,2, manufacturing director ,48620.0,25388,11,3.0,0,4.0,2,3,0,2,No
967.0,85,1, research scientist ,48620.0,14460,23,4.0,1,10.0,2,5,3,0,Yes
803.1,0,1, laboratory technician ,25870.0,10261,16,3.0,0,5.0,3,4,1,0,Yes
335.0,33,2, sales executive ,55070.0,16822,16,3.0,2,10.0,1,4,1,3,Yes
803.1,44,2, healthcare representative ,53990.0,14511,12,3.0,0,12.0,3,4,0,3,Yes
1251.0,32,2, sales executive ,48620.0,3987,19,3.2,1,10.0,1,3,1,2,No
976.0,48,1, research scientist ,48620.0,3995,13,3.2,1,4.0,3,4,2,3,Yes
1444.0,0,1, human resources ,48620.0,5224,11,3.0,1,10.0,2,6,1,2,No
803.1,77,2, manufacturing director ,44400.0,25198,19,3.2,0,9.0,3,5,1,4,No
571.0,78,1, laboratory technician ,48620.0,13672,13,3.0,0,10.0,6,5,1,4,Yes
977.0,57,1, laboratory technician ,48620.0,7298,19,3.0,1,10.0,2,2,0,2,Yes
1154.0,54,1, sales representative ,48620.0,6393,19,3.0,1,10.0,1,2,1,2,Yes
1490.0,43,1, laboratory technician ,26600.0,20232,11,3.0,1,10.0,3,2,2,2,Yes
581.0,63,1, research scientist ,33750.0,17624,12,3.2,0,10.0,2,3,1,2,Yes
267.0,49,1, laboratory technician ,48620.0,15919,13,3.0,0,6.0,3,6,4,1,No
1092.0,36,1, research scientist ,47870.0,26124,14,3.0,3,4.0,3,2,2,2,Yes
529.0,78,1, research scientist ,48620.0,11288,14,3.0,0,10.0,4,4,1,2,Yes
1322.0,52,1, research scientist ,28090.0,2725,14,3.0,0,8.0,2,2,2,2,Yes
410.0,39,3, sales executive ,108540.0,16586,13,3.0,1,20.0,3,3,2,0,Yes
1167.0,30,1, sales representative ,48620.0,21378,18,3.0,0,10.0,2,4,0,0,Yes
884.0,41,2, laboratory technician ,25710.0,12290,17,3.0,1,17.0,3,5,0,3,No
155.0,87,2, manufacturing director ,61420.0,5174,20,4.0,1,6.0,0,6,0,3,No
924.0,78,1, laboratory technician ,24960.0,6670,11,3.0,0,7.0,3,1,0,0,No
852.0,82,1, research scientist ,34190.0,13072,14,3.0,1,10.0,3,1,0,0,Yes
1082.0,87,1, research scientist ,25010.0,18775,17,3.0,0,1.0,4,1,1,0,Yes
803.1,100,1, laboratory technician ,48620.0,19299,14,3.0,1,3.0,2,2,2,1,Yes
1450.0,79,1, research scientist ,25660.0,25326,15,3.0,1,1.0,2,1,0,1,Yes
134.0,90,1, research scientist ,48620.0,10515,14,3.0,0,4.0,2,3,0,2,Yes
635.0,73,1, laboratory technician ,48620.0,7703,13,3.0,0,8.0,2,8,1,7,Yes
1017.0,83,1, research scientist ,39200.0,18697,14,3.2,1,10.0,2,3,0,2,Yes
1091.0,90,4, healthcare representative ,139640.0,17810,12,3.0,0,10.0,2,7,0,7,Yes
755.0,97,2, healthcare representative ,65400.0,19394,19,3.0,0,10.0,5,1,0,0,Yes
253.0,43,1, research scientist ,22440.0,24440,13,3.0,1,2.0,1,2,1,2,No
922.0,95,4, research director ,161840.0,22578,19,3.0,1,10.0,2,6,0,5,No
1365.0,46,2, sales executive ,42330.0,11512,17,3.0,0,10.0,2,3,1,2,No
306.0,100,2, sales executive ,48620.0,5630,14,3.0,2,5.0,4,1,0,0,Yes
970.0,59,4, research director ,148140.0,13514,19,3.0,0,32.0,3,5,1,3,Yes
970.0,96,2, healthcare representative ,48620.0,7360,11,3.0,0,10.0,2,5,4,3,Yes
1169.0,63,1, human resources ,48620.0,23965,13,3.0,1,6.0,6,5,0,4,Yes
1271.0,35,1, research scientist ,48620.0,9068,14,3.0,0,8.0,2,2,2,2,Yes
1469.0,0,1, research scientist ,36170.0,25063,14,3.2,1,3.0,2,1,0,0,Yes
625.0,46,3, sales executive ,48620.0,14922,11,3.0,0,10.0,2,14,11,7,Yes
1391.0,66,1, research scientist ,26840.0,12127,17,3.0,1,3.0,0,2,0,2,No
1333.0,87,1, sales representative ,48620.0,18410,19,3.0,1,1.0,2,1,0,0,No
1464.0,62,5, research director ,192370.0,12853,11,3.0,1,29.0,2,8,7,7,No
1330.0,37,1, laboratory technician ,23770.0,19373,20,3.2,1,1.0,0,1,0,0,No
902.0,92,2, research scientist ,44220.0,21203,13,3.0,1,16.0,3,1,0,0,Yes
645.0,54,1, research scientist ,25520.0,7172,25,3.2,0,1.0,4,1,0,0,No
654.0,43,1, sales representative ,26780.0,5050,17,3.0,0,2.0,2,2,2,2,Yes
326.0,48,2, sales executive ,51710.0,16490,17,3.0,0,13.0,2,6,0,5,No
634.0,95,3, manager ,119160.0,25927,23,4.0,2,10.0,2,9,0,8,No
1448.0,55,3, manufacturing director ,93800.0,14720,18,3.2,2,10.0,4,3,1,2,Yes
1358.0,96,2, sales executive ,48620.0,2939,15,3.2,2,4.0,2,2,2,2,No
803.1,57,1, laboratory technician ,48620.0,10036,14,3.2,3,10.0,3,1,0,0,No
824.0,67,2, research scientist ,58780.0,15624,12,3.0,1,12.0,2,7,2,5,Yes
329.0,51,1, laboratory technician ,48620.0,7324,17,3.0,3,10.0,3,1,0,0,No
1313.0,0,2, sales executive ,48620.0,8191,12,3.0,0,8.0,1,5,0,4,Yes
594.0,75,1, laboratory technician ,24680.0,15963,14,3.0,1,9.0,4,6,0,5,No
734.0,46,5, research director ,48620.0,14218,17,3.0,1,24.0,3,2,2,2,Yes
234.0,93,2, laboratory technician ,48620.0,6208,17,3.0,1,10.0,3,7,0,7,No
766.0,83,2, sales executive ,41270.0,19188,18,3.0,1,7.0,6,2,2,2,No
920.0,69,1, human resources ,21480.0,6889,11,3.0,0,6.0,3,5,1,4,Yes
431.0,68,2, research scientist ,48620.0,15696,15,3.0,1,14.0,2,7,1,7,No
1213.0,94,2, human resources ,38860.0,4223,21,4.0,0,10.0,2,10,0,8,Yes
238.0,47,1, research scientist ,48620.0,15318,14,3.0,0,8.0,2,4,0,3,No
1313.0,59,1, laboratory technician ,48620.0,20439,12,3.0,3,10.0,2,1,0,0,No
1373.0,92,1, laboratory technician ,20900.0,2396,15,3.0,0,7.0,3,0,0,0,Yes
1324.0,81,1, laboratory technician ,48620.0,9964,20,3.2,3,12.0,3,1,0,0,Yes
391.0,96,1, research scientist ,48620.0,19281,14,3.0,0,0.0,6,0,0,0,Yes
125.0,83,1, laboratory technician ,48620.0,16117,13,3.0,0,10.0,5,10,1,8,No
895.0,56,2, sales representative ,20860.0,3335,14,3.0,1,19.0,6,1,0,0,Yes
803.1,75,1, laboratory technician ,19510.0,10910,12,3.0,1,1.0,3,1,0,0,Yes
1240.0,33,1, laboratory technician ,48620.0,19715,13,3.0,1,10.0,6,1,0,0,No
1357.0,48,1, laboratory technician ,48620.0,10558,12,3.0,0,1.0,2,1,0,1,No
626.0,98,3, laboratory technician ,48620.0,19294,13,3.0,0,10.0,2,1,0,0,No
1097.0,79,3, healthcare representative ,48620.0,8302,13,3.0,1,10.0,3,4,2,3,Yes
836.0,0,4, manager ,48620.0,19730,14,3.0,3,21.0,2,5,0,2,Yes
132.0,55,1, laboratory technician ,30380.0,22002,12,3.0,0,10.0,3,1,0,0,Yes
111.0,70,3, sales executive ,48620.0,18092,14,3.0,1,10.0,4,1,1,0,Yes
541.0,62,1, sales representative ,23220.0,9518,13,3.0,1,10.0,3,0,0,0,No
871.0,66,1, laboratory technician ,29260.0,19783,18,3.2,0,10.0,5,1,1,0,No
1040.0,100,2, healthcare representative ,48620.0,15850,14,3.0,1,17.0,2,1,0,0,No
803.1,59,1, laboratory technician ,48620.0,23785,15,3.0,0,10.0,5,0,0,0,No
922.0,39,1, laboratory technician ,28350.0,2561,22,4.0,1,10.0,2,1,0,0,No
528.0,0,1, sales representative ,48620.0,26820,19,3.0,0,0.0,2,0,0,0,Yes
803.1,94,1, laboratory technician ,48620.0,6961,21,4.0,1,7.0,2,5,1,4,Yes
803.1,79,1, laboratory technician ,48620.0,16102,14,3.2,0,1.0,3,1,0,0,No
1169.0,34,2, manufacturing director ,48620.0,13983,17,3.0,0,10.0,2,1,0,0,Yes
1145.0,75,1, research scientist ,48620.0,11873,20,4.0,1,9.0,3,1,0,0,No
303.0,0,1, laboratory technician ,48620.0,9241,22,4.0,0,1.0,3,1,1,0,Yes
1261.0,0,2, manufacturing director ,65530.0,7259,14,3.0,0,14.0,3,1,0,0,No
1180.0,70,2, healthcare representative ,66730.0,11354,19,3.2,0,17.0,2,1,0,0,No
142.0,70,1, research scientist ,21770.0,8456,17,3.0,1,7.0,6,1,0,0,Yes
854.0,68,5, manager ,195170.0,24118,11,3.0,1,10.0,3,7,0,6,No
1411.0,36,2, research scientist ,48620.0,19877,16,3.0,2,17.0,2,1,0,0,Yes
504.0,61,3, manufacturing director ,100480.0,22573,11,3.2,2,17.0,5,1,0,0,Yes
529.0,79,1, laboratory technician ,48620.0,14935,11,3.0,0,5.0,5,0,0,0,No
1463.0,64,2, healthcare representative ,48620.0,14408,21,3.2,1,10.0,2,9,7,8,Yes
920.0,43,1, laboratory technician ,31610.0,19920,22,4.0,1,19.0,0,1,0,0,Yes
506.0,30,2, research scientist ,48620.0,26285,12,3.0,0,10.0,2,8,7,7,Yes
566.0,81,1, laboratory technician ,48620.0,7122,18,3.0,2,4.0,2,1,0,0,Yes
1162.0,41,2, sales executive ,52380.0,17778,18,3.0,0,12.0,3,1,0,0,Yes
810.0,44,4, research director ,159920.0,15901,14,3.0,0,16.0,2,1,0,0,No
1062.0,75,1, laboratory technician ,23700.0,3956,13,3.2,1,8.0,4,8,0,7,Yes
530.0,91,3, manager ,48620.0,23978,21,4.0,1,15.0,3,0,0,0,Yes
1332.0,98,2, healthcare representative ,67810.0,17078,23,4.0,0,10.0,6,1,0,0,No
845.0,45,2, sales executive ,66530.0,15276,15,3.2,0,10.0,6,1,0,0,Yes
350.0,34,1, sales representative ,28510.0,9150,13,3.2,0,1.0,2,1,0,0,No
1144.0,30,2, manufacturing director ,52580.0,16044,14,3.0,0,7.0,2,1,0,0,Yes
156.0,90,1, sales representative ,48620.0,25422,15,3.0,0,1.0,0,1,0,0,No
202.0,72,1, sales representative ,24760.0,17434,18,3.0,1,10.0,3,1,0,0,Yes
464.0,40,1, research scientist ,22850.0,3427,23,4.0,0,3.0,4,1,0,0,No
1305.0,49,2, manufacturing director ,41970.0,21123,12,3.0,0,18.0,2,1,0,1,Yes
1490.0,42,1, laboratory technician ,17020.0,12106,23,4.0,1,10.0,3,1,0,0,No
489.0,0,1, human resources ,25640.0,18437,12,3.0,0,1.0,3,1,0,0,Yes
210.0,56,4, manager ,48620.0,22102,12,3.0,1,10.0,3,1,0,0,Yes
1306.0,69,1, sales representative ,18780.0,8059,14,3.0,0,10.0,3,0,0,0,No
1094.0,58,3, sales executive ,48620.0,11373,15,3.0,1,20.0,2,1,0,1,Yes
471.0,66,1, laboratory technician ,23400.0,23213,18,3.0,0,1.0,3,1,0,0,Yes
823.0,94,1, laboratory technician ,21270.0,9100,21,4.0,1,1.0,2,1,0,0,Yes
448.0,74,1, sales representative ,20330.0,14470,18,3.0,1,1.0,2,1,0,0,Yes
558.0,75,2, sales executive ,96020.0,3010,11,3.0,1,10.0,3,3,1,0,No
959.0,83,1, research scientist ,48620.0,11757,13,3.2,0,1.0,0,1,0,0,Yes
782.0,50,4, research director ,166270.0,2671,14,3.0,1,21.0,3,1,0,0,No
362.0,0,1, research scientist ,48620.0,14561,17,3.0,0,8.0,3,0,0,0,Yes
803.1,62,2, sales executive ,48620.0,3487,14,3.0,1,10.0,5,6,1,2,No
1362.0,32,1, research scientist ,10090.0,26999,11,3.0,0,10.0,5,1,1,1,Yes
727.0,41,1, laboratory technician ,48620.0,16900,18,3.0,2,1.0,3,1,0,0,No
1225.0,80,1, research scientist ,48620.0,15232,17,3.0,0,10.0,2,1,0,0,Yes
168.0,81,3, manufacturing director ,78610.0,15397,14,3.2,0,10.0,4,1,0,0,Yes
1396.0,0,1, sales representative ,26420.0,2755,11,3.0,0,1.0,6,1,0,0,No
268.0,92,1, research scientist ,48620.0,20471,13,3.0,1,10.0,0,1,0,1,Yes
167.0,32,2, manufacturing director ,51210.0,4187,14,3.0,1,10.0,3,0,0,0,Yes
1243.0,0,1, laboratory technician ,48620.0,3445,21,4.0,2,1.0,2,0,0,0,No
1092.0,60,1, laboratory technician ,26940.0,26551,11,3.0,3,10.0,4,1,0,0,No
805.0,36,1, laboratory technician ,48620.0,6689,11,3.0,1,1.0,1,1,0,0,Yes
720.0,51,2, laboratory technician ,50940.0,11983,14,3.0,0,10.0,6,1,0,0,Yes
803.1,52,2, manufacturing director ,48620.0,20234,24,4.0,0,12.0,4,0,0,0,Yes
252.0,95,1, research scientist ,22740.0,6153,14,3.0,0,1.0,3,1,0,0,Yes
868.0,73,4, sales executive ,48620.0,22789,14,3.0,1,28.0,3,2,2,2,Yes
1252.0,32,3, sales executive ,48620.0,4814,13,3.0,0,10.0,2,10,0,9,No
374.0,87,1, laboratory technician ,48620.0,18016,24,4.0,0,1.0,2,1,0,1,Yes
781.0,57,1, laboratory technician ,23800.0,13384,14,3.0,1,3.0,3,1,0,0,Yes
1427.0,65,1, research scientist ,48620.0,8870,19,3.2,0,10.0,3,1,0,0,No
546.0,83,1, laboratory technician ,20080.0,6896,14,3.0,2,1.0,3,1,1,0,Yes
1272.0,37,3, healthcare representative ,105520.0,9255,13,3.2,1,24.0,3,6,0,4,No
803.1,51,1, research scientist ,22590.0,5543,17,3.0,2,13.0,2,0,0,0,No
1184.0,70,1, laboratory technician ,48620.0,3974,20,3.2,0,5.0,3,3,0,2,Yes
867.0,36,1, sales representative ,24130.0,18798,18,3.2,3,10.0,2,1,0,0,No
658.0,67,3, sales executive ,48620.0,20652,12,3.0,1,11.0,2,1,0,0,Yes
419.0,37,1, sales representative ,21210.0,9947,13,3.0,0,1.0,3,1,0,0,No
1479.0,100,4, sales executive ,131940.0,17071,16,3.0,0,22.0,2,1,0,0,Yes
906.0,92,1, research scientist ,48620.0,11479,20,4.0,0,3.0,5,0,0,0,Yes
955.0,83,2, sales executive ,41630.0,8571,17,3.0,0,9.0,0,9,0,7,No
287.0,73,1, research scientist ,48620.0,13493,15,3.0,0,10.0,2,0,0,0,Yes
265.0,90,5, manager ,183030.0,7770,13,3.0,0,21.0,3,1,0,0,Yes
1141.0,61,2, healthcare representative ,47770.0,14382,15,3.0,0,15.0,2,1,0,0,Yes
660.0,81,2, laboratory technician ,48620.0,7858,14,3.0,1,9.0,3,1,0,0,Yes
1144.0,74,1, sales representative ,10520.0,23384,22,4.0,0,10.0,5,1,0,0,Yes
415.0,0,3, sales executive ,48620.0,5268,13,3.0,1,18.0,5,1,0,0,Yes
1334.0,36,1, laboratory technician ,48620.0,17258,13,3.2,0,1.0,6,1,1,0,Yes
1323.0,34,1, research scientist ,24610.0,10332,12,3.2,3,18.0,2,10,2,7,No
309.0,88,2, sales executive ,48620.0,24223,14,3.2,3,8.0,5,1,0,0,No
1009.0,45,1, laboratory technician ,25960.0,7160,15,3.2,2,10.0,2,1,0,0,No
803.1,81,2, sales executive ,47280.0,17251,14,3.0,0,5.0,4,0,0,0,Yes
697.0,40,1, research scientist ,48620.0,22478,17,3.0,3,6.0,2,0,0,0,Yes
130.0,32,3, sales executive ,73510.0,20619,16,3.0,0,10.0,2,1,0,0,Yes
247.0,80,1, laboratory technician ,48620.0,13556,12,3.0,0,10.0,0,0,0,0,Yes
167.0,46,1, laboratory technician ,47660.0,9051,11,3.0,1,6.0,4,1,0,0,No
982.0,58,1, laboratory technician ,22580.0,16340,12,3.0,1,10.0,2,8,1,7,Yes
862.0,76,1, sales representative ,28270.0,14947,12,3.0,3,1.0,3,1,0,0,Yes
111.0,74,1, research scientist ,22900.0,4279,13,3.2,0,6.0,3,0,0,0,Yes
906.0,95,1, research scientist ,21070.0,20293,17,3.0,1,5.0,2,1,0,0,Yes
458.0,60,3, research director ,131910.0,23281,17,3.0,0,10.0,6,1,0,0,No
1098.0,85,5, manager ,48620.0,12124,13,3.2,1,23.0,2,1,0,0,Yes
969.0,76,1, laboratory technician ,48620.0,16620,11,3.0,0,7.0,4,1,0,0,Yes
1329.0,82,2, healthcare representative ,48620.0,4204,11,3.0,2,6.0,2,6,1,0,Yes
715.0,76,5, research director ,182650.0,8733,12,3.0,0,10.0,3,1,0,0,Yes
265.0,57,1, research scientist ,48620.0,21221,12,3.0,0,1.0,2,1,0,1,Yes
373.0,47,1, research scientist ,48620.0,16901,22,4.0,1,1.0,2,1,0,1,No
599.0,73,1, sales representative ,11180.0,8040,14,3.2,0,1.0,4,1,1,0,Yes
364.0,0,5, manager ,180610.0,13035,22,4.0,0,22.0,4,0,0,0,No
1291.0,98,1, sales representative ,48620.0,6527,14,3.2,1,5.0,4,1,0,0,Yes
1124.0,97,1, laboratory technician ,16110.0,19305,15,3.0,0,0.0,5,0,0,0,No
703.0,90,1, sales representative ,48620.0,11882,14,3.0,0,3.0,3,1,0,0,Yes
803.1,50,1, sales representative ,48620.0,16154,12,3.2,0,10.0,3,1,0,0,No
202.0,34,1, research scientist ,48620.0,22262,12,3.0,0,10.0,3,1,0,0,No
1377.0,91,1, laboratory technician ,48620.0,7679,14,3.0,0,6.0,3,5,1,4,No
592.0,54,1, laboratory technician ,48620.0,17181,23,4.0,0,11.0,2,1,0,0,Yes
383.0,79,2, sales executive ,47680.0,9282,12,3.2,1,11.0,4,1,0,0,No
990.0,0,1, research scientist ,12740.0,7152,13,3.0,2,1.0,2,1,0,0,No
381.0,89,1, laboratory technician ,48620.0,16998,11,3.0,0,10.0,2,0,0,0,No
289.0,0,1, laboratory technician ,25610.0,5355,11,3.2,0,8.0,2,0,0,0,Yes
516.0,69,2, healthcare representative ,63880.0,22049,17,3.0,0,14.0,6,0,0,0,Yes
1089.0,32,3, manufacturing director ,83760.0,9150,18,3.2,0,9.0,3,2,2,2,No
1210.0,68,1, laboratory technician ,48410.0,24052,14,3.2,1,10.0,3,1,0,0,Yes
598.0,91,1, research scientist ,48620.0,22376,18,3.0,2,10.0,2,1,0,0,No
992.0,68,1, laboratory technician ,48620.0,21731,19,3.0,0,10.0,3,3,1,2,No
479.0,35,1, research scientist ,29720.0,22061,13,3.0,0,10.0,4,1,0,0,No
474.0,89,1, research scientist ,48620.0,11133,21,4.0,0,1.0,5,1,0,0,Yes
264.0,59,5, manager ,48620.0,19519,16,3.2,1,10.0,2,1,0,0,No
1349.0,63,1, laboratory technician ,26900.0,7713,18,3.0,1,10.0,5,1,0,1,No
563.0,56,4, manager ,175670.0,3156,15,3.0,0,27.0,5,26,0,12,No
544.0,70,1, sales representative ,15690.0,18420,12,3.0,0,0.0,2,0,0,0,Yes
991.0,43,2, sales executive ,41870.0,3356,13,3.2,1,10.0,3,10,0,9,Yes
1112.0,67,2, sales executive ,48620.0,22589,11,3.0,2,10.0,2,10,0,2,Yes
1206.0,80,3, sales executive ,48620.0,11591,16,3.0,0,21.0,2,2,0,2,Yes
803.1,92,3, healthcare representative ,108830.0,20467,20,4.0,1,19.0,2,1,0,0,No
240.0,58,1, human resources ,48620.0,11585,11,3.2,1,1.0,2,1,0,0,Yes
369.0,92,2, manufacturing director ,48620.0,5041,16,3.0,1,18.0,3,1,0,0,Yes
543.0,87,2, sales executive ,48620.0,3536,11,3.0,1,4.0,3,1,0,0,Yes
176.0,56,3, human resources ,97560.0,6595,21,4.0,2,9.0,2,5,0,3,Yes
181.0,97,1, research scientist ,48620.0,5586,14,3.0,3,6.0,3,5,1,2,No
211.0,74,3, sales executive ,48620.0,10092,20,4.0,0,10.0,2,0,0,0,Yes
1079.0,70,3, sales executive ,48620.0,19002,13,3.0,3,10.0,2,1,0,0,Yes
305.0,58,2, healthcare representative ,52940.0,9128,16,3.0,1,10.0,3,7,1,7,No
833.0,60,2, healthcare representative ,48620.0,24539,16,3.0,1,10.0,2,1,1,0,Yes
1294.0,79,1, laboratory technician ,48620.0,15999,17,3.0,0,1.0,6,1,0,0,Yes
1431.0,33,1, research scientist ,48620.0,8018,16,3.0,0,0.0,4,0,0,0,Yes
359.0,89,1, human resources ,29560.0,21495,17,3.0,0,2.0,4,1,0,0,Yes
430.0,73,2, research scientist ,48620.0,19573,22,4.0,1,10.0,2,1,0,0,Yes
1318.0,79,2, sales executive ,46480.0,26075,13,3.0,0,10.0,2,0,0,0,Yes
1142.0,0,1, laboratory technician ,48620.0,13624,13,3.2,0,10.0,3,0,0,0,Yes
352.0,87,1, human resources ,28040.0,15434,11,3.0,0,10.0,3,1,0,0,Yes
1172.0,78,1, sales representative ,28560.0,3692,19,3.0,1,1.0,3,1,0,0,Yes
945.0,89,1, sales representative ,48620.0,16019,13,3.0,0,10.0,3,1,0,0,No
482.0,90,1, research scientist ,29330.0,14908,13,3.0,1,1.0,3,1,1,0,No
170.0,78,2, healthcare representative ,48620.0,9364,15,3.0,1,10.0,5,2,2,2,Yes
746.0,45,1, sales representative ,10910.0,10642,17,3.0,0,1.0,3,1,0,0,Yes
1475.0,84,2, sales executive ,48620.0,23352,11,3.0,0,6.0,0,2,2,2,Yes
1443.0,89,2, sales executive ,48620.0,20328,16,3.0,1,10.0,3,0,0,0,Yes
867.0,87,2, manufacturing director ,51510.0,12315,25,4.0,1,10.0,3,10,7,9,Yes
605.0,72,4, manager ,48620.0,11761,13,3.0,1,10.0,2,1,0,0,Yes
419.0,77,2, sales executive ,48620.0,2900,12,3.2,2,14.0,4,0,0,0,No
1337.0,58,1, human resources ,28630.0,19555,12,3.0,0,10.0,2,1,0,0,No
1404.0,59,1, sales representative ,28580.0,11473,14,3.0,0,20.0,3,1,0,0,Yes
1373.0,56,2, manufacturing director ,48620.0,10138,24,4.0,0,10.0,1,1,0,0,Yes
1276.0,59,1, laboratory technician ,11290.0,17536,11,3.0,3,10.0,4,1,0,0,Yes
543.0,83,1, laboratory technician ,48620.0,4060,19,3.0,2,8.0,3,1,0,0,Yes
638.0,33,1, sales representative ,48620.0,26956,19,3.0,1,10.0,3,1,1,0,No
1146.0,31,3, human resources ,48620.0,16642,16,3.0,0,10.0,2,9,1,7,No
